city,date,MPV,SUV,medium_car,med_large_car,large_car,small_car,micro_car,compact_car,roadster,EVER,PHEV,FUEL,EV,0-5w,5-10w,10-15w,15-20w,20-25w,25-30w,30-35w,35-40w,40-50w,50-100w,100-150w,150-300w,300-1000w,joint_type,self_owned_type,imported_type,joint_brand,state_owned_brand,international_brand,self_owned_brand,new_force_brand
丹东,2022-06-01,90.0,421.0,49.0,0.0,0.0,0.0,36.0,141.0,0.0,0.0,152.0,432.0,153.0,0.0,122.0,129.0,87.0,262.0,32.0,74.0,31.0,0.0,0.0,0.0,0.0,0.0,485.0,221.0,31.0,378.0,25.0,228.0,106.0,0.0
丹东,2022-07-01,52.0,309.0,39.0,0.0,0.0,0.0,17.0,200.0,0.0,0.0,123.0,336.0,158.0,0.0,67.0,237.0,73.0,155.0,39.0,31.0,15.0,0.0,0.0,0.0,0.0,0.0,401.0,201.0,15.0,287.0,33.0,172.0,125.0,0.0
丹东,2022-08-01,84.0,403.0,44.0,0.0,0.0,0.0,5.0,174.0,0.0,0.0,200.0,427.0,83.0,0.0,68.0,189.0,80.0,201.0,59.0,75.0,38.0,0.0,0.0,0.0,0.0,0.0,475.0,197.0,38.0,275.0,63.0,255.0,117.0,0.0
丹东,2022-09-01,83.0,359.0,36.0,0.0,0.0,0.0,2.0,210.0,0.0,0.0,56.0,370.0,264.0,0.0,58.0,252.0,73.0,145.0,62.0,89.0,11.0,0.0,0.0,0.0,0.0,0.0,489.0,190.0,11.0,363.0,51.0,179.0,97.0,0.0
丹东,2022-10-01,81.0,465.0,28.0,0.0,0.0,0.0,25.0,166.0,0.0,0.0,200.0,471.0,94.0,0.0,82.0,194.0,105.0,208.0,44.0,96.0,36.0,0.0,0.0,0.0,0.0,0.0,495.0,234.0,36.0,315.0,38.0,277.0,135.0,0.0
丹东,2022-11-01,108.0,450.0,65.0,0.0,0.0,0.0,14.0,170.0,0.0,0.0,150.0,497.0,160.0,0.0,123.0,212.0,74.0,224.0,54.0,105.0,15.0,0.0,0.0,0.0,0.0,0.0,524.0,268.0,15.0,333.0,63.0,285.0,126.0,0.0
丹东,2022-12-01,63.0,406.0,5.0,0.0,0.0,0.0,34.0,203.0,0.0,0.0,172.0,327.0,212.0,0.0,149.0,203.0,131.0,114.0,45.0,54.0,15.0,0.0,0.0,0.0,0.0,0.0,386.0,310.0,15.0,329.0,41.0,146.0,195.0,0.0
丹东,2023-01-01,66.0,470.0,35.0,0.0,0.0,0.0,26.0,233.0,0.0,0.0,209.0,469.0,152.0,0.0,102.0,220.0,143.0,178.0,93.0,76.0,18.0,0.0,0.0,0.0,0.0,0.0,542.0,270.0,18.0,315.0,59.0,292.0,164.0,0.0
丹东,2023-02-01,95.0,406.0,42.0,0.0,0.0,0.0,20.0,137.0,0.0,0.0,171.0,347.0,182.0,0.0,125.0,186.0,69.0,124.0,53.0,106.0,37.0,0.0,0.0,0.0,0.0,0.0,383.0,280.0,37.0,243.0,21.0,238.0,198.0,0.0
丹东,2023-03-01,88.0,486.0,34.0,0.0,0.0,0.0,22.0,156.0,0.0,0.0,158.0,414.0,214.0,0.0,98.0,221.0,88.0,224.0,102.0,48.0,5.0,0.0,0.0,0.0,0.0,0.0,501.0,280.0,5.0,385.0,63.0,192.0,146.0,0.0
丹东,2023-04-01,80.0,374.0,6.0,0.0,0.0,0.0,19.0,207.0,0.0,0.0,132.0,432.0,122.0,0.0,89.0,183.0,92.0,137.0,65.0,96.0,24.0,0.0,0.0,0.0,0.0,0.0,454.0,208.0,24.0,269.0,48.0,257.0,112.0,0.0
丹东,2023-05-01,70.0,449.0,51.0,0.0,0.0,0.0,31.0,212.0,0.0,0.0,186.0,488.0,139.0,0.0,93.0,243.0,97.0,190.0,81.0,101.0,8.0,0.0,0.0,0.0,0.0,0.0,570.0,235.0,8.0,340.0,37.0,298.0,138.0,0.0
丹东,2023-06-01,93.0,380.0,17.0,0.0,0.0,0.0,32.0,198.0,0.0,0.0,197.0,412.0,111.0,0.0,123.0,196.0,85.0,177.0,45.0,67.0,27.0,0.0,0.0,0.0,0.0,0.0,450.0,243.0,27.0,378.0,41.0,159.0,142.0,0.0
丹东,2023-07-01,124.0,504.0,40.0,0.0,0.0,0.0,2.0,239.0,0.0,0.0,162.0,562.0,185.0,0.0,120.0,278.0,91.0,200.0,37.0,147.0,36.0,0.0,0.0,0.0,0.0,0.0,593.0,280.0,36.0,395.0,51.0,305.0,158.0,0.0
丹东,2023-08-01,75.0,416.0,42.0,0.0,0.0,0.0,24.0,238.0,0.0,0.0,107.0,467.0,221.0,0.0,93.0,234.0,125.0,242.0,43.0,32.0,26.0,0.0,0.0,0.0,0.0,0.0,520.0,249.0,26.0,396.0,31.0,208.0,160.0,0.0
丹东,2023-09-01,35.0,516.0,12.0,0.0,0.0,0.0,23.0,198.0,0.0,0.0,113.0,471.0,200.0,0.0,96.0,223.0,77.0,232.0,53.0,99.0,4.0,0.0,0.0,0.0,0.0,0.0,568.0,212.0,4.0,390.0,37.0,224.0,133.0,0.0
丹东,2023-10-01,98.0,532.0,67.0,0.0,0.0,0.0,21.0,174.0,0.0,0.0,105.0,547.0,240.0,0.0,105.0,215.0,91.0,270.0,103.0,70.0,38.0,0.0,0.0,0.0,0.0,0.0,570.0,284.0,38.0,346.0,62.0,307.0,177.0,0.0
丹东,2023-11-01,114.0,408.0,58.0,0.0,0.0,0.0,32.0,272.0,0.0,0.0,131.0,544.0,209.0,0.0,110.0,256.0,98.0,236.0,86.0,58.0,40.0,0.0,0.0,0.0,0.0,0.0,575.0,269.0,40.0,380.0,75.0,302.0,127.0,0.0
丹东,2023-12-01,92.0,372.0,57.0,0.0,0.0,0.0,2.0,227.0,0.0,0.0,206.0,422.0,122.0,0.0,82.0,242.0,145.0,182.0,37.0,32.0,30.0,0.0,0.0,0.0,0.0,0.0,492.0,228.0,30.0,341.0,40.0,227.0,142.0,0.0
丹东,2024-01-01,88.0,435.0,40.0,0.0,0.0,0.0,12.0,240.0,0.0,0.0,118.0,493.0,204.0,0.0,101.0,245.0,135.0,194.0,50.0,68.0,22.0,0.0,0.0,0.0,0.0,0.0,560.0,233.0,22.0,402.0,18.0,253.0,142.0,0.0
丹东,2024-02-01,80.0,486.0,15.0,0.0,0.0,0.0,20.0,227.0,0.0,0.0,229.0,499.0,100.0,0.0,85.0,285.0,73.0,203.0,63.0,101.0,18.0,0.0,0.0,0.0,0.0,0.0,580.0,230.0,18.0,413.0,18.0,257.0,140.0,0.0
丹东,2024-03-01,90.0,449.0,16.0,0.0,0.0,0.0,17.0,226.0,0.0,0.0,302.0,397.0,99.0,0.0,115.0,219.0,157.0,198.0,49.0,49.0,11.0,0.0,0.0,0.0,0.0,0.0,475.0,312.0,11.0,366.0,54.0,191.0,187.0,0.0
丹东,2024-04-01,104.0,338.0,51.0,0.0,0.0,0.0,36.0,197.0,0.0,0.0,66.0,419.0,241.0,0.0,131.0,178.0,78.0,194.0,46.0,84.0,15.0,0.0,0.0,0.0,0.0,0.0,469.0,242.0,15.0,348.0,61.0,229.0,88.0,0.0
丹东,2024-05-01,57.0,476.0,42.0,0.0,0.0,0.0,1.0,253.0,0.0,0.0,240.0,456.0,133.0,0.0,90.0,267.0,96.0,211.0,75.0,88.0,2.0,0.0,0.0,0.0,0.0,0.0,571.0,256.0,2.0,383.0,57.0,224.0,165.0,0.0
丹东,2024-06-01,77.0,533.0,76.0,0.0,0.0,0.0,5.0,193.0,0.0,0.0,234.0,502.0,148.0,0.0,53.0,240.0,125.0,279.0,70.0,97.0,20.0,0.0,0.0,0.0,0.0,0.0,580.0,284.0,20.0,312.0,77.0,313.0,182.0,0.0
丹东,2024-07-01,97.0,516.0,12.0,0.0,0.0,0.0,37.0,172.0,0.0,0.0,193.0,447.0,194.0,0.0,101.0,235.0,96.0,217.0,63.0,84.0,38.0,0.0,0.0,0.0,0.0,0.0,499.0,297.0,38.0,342.0,64.0,263.0,165.0,0.0
丹东,2024-08-01,120.0,407.0,37.0,0.0,0.0,0.0,11.0,188.0,0.0,0.0,82.0,493.0,188.0,0.0,105.0,178.0,96.0,168.0,83.0,97.0,36.0,0.0,0.0,0.0,0.0,0.0,517.0,210.0,36.0,334.0,50.0,282.0,97.0,0.0
丹东,2024-09-01,114.0,498.0,23.0,0.0,0.0,0.0,36.0,241.0,0.0,0.0,262.0,523.0,127.0,0.0,146.0,247.0,139.0,150.0,70.0,134.0,26.0,0.0,0.0,0.0,0.0,0.0,599.0,287.0,26.0,435.0,46.0,291.0,140.0,0.0
大连,2022-06-01,800.0,6995.0,1391.0,761.0,95.0,151.0,120.0,3464.0,0.0,375.0,4095.0,6645.0,2662.0,17.0,587.0,3662.0,2790.0,1875.0,1219.0,1248.0,956.0,640.0,582.0,61.0,140.0,0.0,8614.0,4035.0,1128.0,5154.0,515.0,4756.0,2863.0,489.0
大连,2022-07-01,491.0,4615.0,896.0,498.0,48.0,113.0,75.0,2270.0,0.0,154.0,2280.0,4364.0,2208.0,14.0,486.0,2556.0,1504.0,1464.0,628.0,649.0,668.0,489.0,397.0,76.0,75.0,0.0,5827.0,2526.0,653.0,3110.0,284.0,3482.0,1949.0,181.0
大连,2022-08-01,855.0,6903.0,1425.0,594.0,83.0,236.0,133.0,3597.0,0.0,125.0,3089.0,7295.0,3317.0,18.0,829.0,3693.0,2457.0,2127.0,1125.0,1122.0,892.0,795.0,549.0,148.0,71.0,0.0,8990.0,4030.0,806.0,4488.0,552.0,5522.0,2994.0,270.0
大连,2022-09-01,809.0,6857.0,1048.0,791.0,60.0,286.0,137.0,3464.0,0.0,425.0,3324.0,6650.0,3053.0,10.0,831.0,3676.0,2146.0,1853.0,984.0,1308.0,952.0,934.0,536.0,117.0,105.0,0.0,8536.0,4049.0,867.0,4789.0,466.0,4788.0,2867.0,542.0
大连,2022-10-01,976.0,8574.0,978.0,588.0,43.0,224.0,85.0,3521.0,0.0,286.0,2974.0,7102.0,4627.0,21.0,949.0,3799.0,3235.0,2232.0,1256.0,1092.0,966.0,882.0,421.0,83.0,53.0,0.0,9338.0,4835.0,816.0,5183.0,596.0,5214.0,3636.0,360.0
大连,2022-11-01,835.0,7833.0,1190.0,667.0,84.0,281.0,163.0,3282.0,0.0,455.0,3579.0,6931.0,3370.0,14.0,858.0,3872.0,2911.0,1882.0,733.0,1453.0,1145.0,713.0,517.0,123.0,114.0,0.0,8525.0,4836.0,974.0,4250.0,500.0,5471.0,3539.0,575.0
大连,2022-12-01,783.0,6991.0,1079.0,496.0,96.0,208.0,59.0,3528.0,0.0,539.0,2469.0,6586.0,3646.0,20.0,755.0,3691.0,2272.0,1779.0,814.0,1440.0,1084.0,626.0,493.0,135.0,131.0,0.0,7935.0,4345.0,960.0,4186.0,466.0,4847.0,3168.0,573.0
大连,2023-01-01,949.0,6926.0,1277.0,529.0,36.0,259.0,87.0,3626.0,0.0,437.0,3565.0,6318.0,3369.0,35.0,986.0,3867.0,2272.0,1856.0,1091.0,1259.0,915.0,759.0,498.0,87.0,64.0,0.0,8462.0,4459.0,768.0,4899.0,517.0,4524.0,3184.0,565.0
大连,2023-02-01,708.0,7337.0,856.0,560.0,60.0,192.0,123.0,3346.0,0.0,272.0,2975.0,6547.0,3388.0,4.0,799.0,3709.0,2137.0,1943.0,1097.0,1059.0,1003.0,682.0,556.0,132.0,61.0,0.0,8734.0,3601.0,847.0,4324.0,518.0,5396.0,2503.0,441.0
大连,2023-03-01,841.0,7064.0,1066.0,473.0,63.0,236.0,64.0,3517.0,0.0,601.0,3695.0,6502.0,2526.0,18.0,796.0,3761.0,2338.0,1841.0,1008.0,1338.0,958.0,641.0,452.0,86.0,87.0,0.0,8443.0,4166.0,715.0,4633.0,507.0,4700.0,2795.0,689.0
大连,2023-04-01,873.0,6982.0,1006.0,716.0,34.0,244.0,153.0,2799.0,0.0,283.0,2609.0,6053.0,3862.0,11.0,1044.0,3313.0,2026.0,1840.0,859.0,1023.0,1123.0,1007.0,385.0,133.0,43.0,0.0,7750.0,4267.0,790.0,3886.0,612.0,4944.0,2916.0,449.0
大连,2023-05-01,952.0,7737.0,1027.0,620.0,74.0,286.0,156.0,3249.0,0.0,611.0,3190.0,6725.0,3575.0,40.0,1012.0,3540.0,2037.0,2139.0,1264.0,1310.0,1034.0,989.0,523.0,127.0,86.0,0.0,8721.0,4518.0,862.0,4860.0,595.0,5012.0,2843.0,791.0
大连,2023-06-01,747.0,7123.0,890.0,472.0,87.0,153.0,105.0,2856.0,0.0,622.0,2850.0,5838.0,3123.0,3.0,712.0,3265.0,2162.0,1796.0,731.0,1312.0,944.0,866.0,410.0,131.0,101.0,0.0,7368.0,4370.0,695.0,3835.0,416.0,4400.0,3003.0,779.0
大连,2023-07-01,1055.0,7570.0,1033.0,522.0,79.0,144.0,74.0,3296.0,0.0,411.0,2587.0,6838.0,3937.0,38.0,805.0,3203.0,2749.0,2233.0,1031.0,1118.0,976.0,891.0,512.0,124.0,93.0,0.0,8397.0,4541.0,835.0,4443.0,667.0,5008.0,3109.0,546.0
大连,2023-08-01,787.0,8164.0,1205.0,504.0,57.0,184.0,146.0,3007.0,0.0,863.0,2996.0,6674.0,3521.0,4.0,778.0,3300.0,2688.0,2320.0,980.0,1122.0,1326.0,751.0,582.0,131.0,72.0,0.0,8179.0,4883.0,992.0,4262.0,579.0,5127.0,3180.0,906.0
大连,2023-09-01,869.0,8471.0,1530.0,540.0,69.0,235.0,174.0,3213.0,0.0,785.0,3308.0,7067.0,3941.0,29.0,956.0,3612.0,2805.0,2278.0,1261.0,1512.0,1129.0,760.0,611.0,84.0,64.0,0.0,9258.0,4906.0,937.0,5162.0,572.0,5288.0,3138.0,941.0
大连,2023-10-01,808.0,8177.0,836.0,671.0,69.0,101.0,154.0,3868.0,0.0,831.0,3425.0,7093.0,3335.0,39.0,867.0,3721.0,2842.0,1959.0,995.0,1349.0,974.0,1053.0,700.0,107.0,78.0,0.0,9118.0,4742.0,824.0,4752.0,536.0,5468.0,3040.0,888.0
大连,2023-11-01,771.0,7696.0,1024.0,499.0,72.0,241.0,146.0,4069.0,0.0,545.0,3052.0,7007.0,3914.0,33.0,865.0,4362.0,2383.0,1879.0,1102.0,1242.0,1110.0,876.0,499.0,59.0,108.0,0.0,8836.0,4758.0,924.0,4630.0,558.0,5341.0,3353.0,636.0
大连,2023-12-01,812.0,7821.0,1198.0,583.0,50.0,247.0,159.0,3956.0,0.0,992.0,3550.0,7137.0,3147.0,1.0,867.0,4274.0,2439.0,2194.0,874.0,1464.0,1181.0,667.0,652.0,139.0,74.0,0.0,9233.0,4830.0,763.0,5019.0,530.0,5215.0,2982.0,1080.0
大连,2024-01-01,693.0,8124.0,1295.0,713.0,60.0,256.0,50.0,3405.0,0.0,747.0,4246.0,6976.0,2627.0,16.0,834.0,3863.0,2961.0,2195.0,789.0,1444.0,1262.0,620.0,492.0,70.0,50.0,0.0,8610.0,5074.0,912.0,4399.0,434.0,5275.0,3684.0,804.0
大连,2024-02-01,814.0,7334.0,1168.0,705.0,40.0,272.0,111.0,3122.0,0.0,470.0,3484.0,6480.0,3132.0,36.0,983.0,3644.0,1985.0,1997.0,943.0,1545.0,1132.0,537.0,587.0,115.0,62.0,0.0,8223.0,4385.0,958.0,4253.0,481.0,5102.0,3183.0,547.0
大连,2024-03-01,735.0,8000.0,1115.0,886.0,101.0,236.0,157.0,3825.0,0.0,895.0,4258.0,6975.0,2927.0,19.0,894.0,4170.0,2753.0,1846.0,918.0,1519.0,1029.0,1004.0,647.0,135.0,121.0,0.0,8615.0,5363.0,1077.0,4512.0,413.0,5462.0,3696.0,972.0
大连,2024-04-01,827.0,8123.0,1044.0,717.0,36.0,217.0,158.0,3386.0,0.0,629.0,2515.0,6230.0,5134.0,12.0,972.0,3839.0,2945.0,1878.0,1161.0,1155.0,946.0,877.0,601.0,82.0,40.0,0.0,8369.0,5130.0,1009.0,4699.0,535.0,4944.0,3629.0,701.0
大连,2024-05-01,679.0,7729.0,1027.0,857.0,57.0,264.0,70.0,3863.0,0.0,940.0,3359.0,6937.0,3310.0,21.0,1000.0,4102.0,2423.0,2091.0,955.0,1337.0,965.0,795.0,658.0,112.0,87.0,0.0,8859.0,4763.0,924.0,4443.0,312.0,5542.0,3141.0,1108.0
大连,2024-06-01,733.0,8275.0,1291.0,786.0,93.0,234.0,155.0,3472.0,0.0,867.0,4529.0,7048.0,2595.0,17.0,845.0,4112.0,2712.0,2257.0,1375.0,1238.0,850.0,697.0,724.0,141.0,71.0,0.0,9041.0,5139.0,859.0,4884.0,503.0,5217.0,3415.0,1020.0
大连,2024-07-01,615.0,7770.0,966.0,739.0,97.0,210.0,156.0,3644.0,0.0,900.0,3152.0,6525.0,3620.0,32.0,746.0,3856.0,2472.0,1724.0,1338.0,1173.0,936.0,948.0,726.0,121.0,125.0,0.0,8612.0,4545.0,1040.0,4867.0,593.0,5025.0,2695.0,1017.0
大连,2024-08-01,718.0,8178.0,1155.0,707.0,71.0,252.0,96.0,3424.0,0.0,1072.0,3351.0,6536.0,3642.0,9.0,793.0,3800.0,2388.0,1841.0,1460.0,1325.0,1232.0,834.0,726.0,75.0,118.0,0.0,8897.0,4644.0,1060.0,5124.0,481.0,4975.0,2801.0,1220.0
大连,2024-09-01,886.0,8385.0,1281.0,793.0,66.0,190.0,79.0,3089.0,0.0,1309.0,4276.0,6466.0,2718.0,33.0,703.0,3552.0,2385.0,2064.0,1539.0,1657.0,1188.0,781.0,661.0,120.0,86.0,0.0,8171.0,5514.0,1084.0,4445.0,541.0,5015.0,3292.0,1476.0
抚顺,2022-06-01,0.0,561.0,72.0,0.0,0.0,23.0,0.0,436.0,0.0,0.0,136.0,576.0,380.0,0.0,132.0,579.0,85.0,291.0,5.0,0.0,0.0,0.0,0.0,0.0,0.0,0.0,773.0,319.0,0.0,657.0,0.0,116.0,319.0,0.0
抚顺,2022-07-01,0.0,305.0,61.0,0.0,0.0,12.0,0.0,244.0,0.0,0.0,125.0,323.0,174.0,0.0,80.0,299.0,79.0,144.0,20.0,0.0,0.0,0.0,0.0,0.0,0.0,0.0,455.0,167.0,0.0,386.0,0.0,69.0,167.0,0.0
抚顺,2022-08-01,0.0,414.0,91.0,0.0,0.0,25.0,0.0,422.0,0.0,0.0,183.0,446.0,323.0,0.0,100.0,611.0,26.0,182.0,33.0,0.0,0.0,0.0,0.0,0.0,0.0,0.0,668.0,284.0,0.0,573.0,0.0,95.0,284.0,0.0
抚顺,2022-09-01,0.0,415.0,63.0,0.0,0.0,28.0,0.0,400.0,0.0,0.0,71.0,539.0,296.0,0.0,69.0,485.0,137.0,206.0,9.0,0.0,0.0,0.0,0.0,0.0,0.0,0.0,653.0,253.0,0.0,562.0,0.0,91.0,253.0,0.0
抚顺,2022-10-01,0.0,492.0,79.0,0.0,0.0,8.0,0.0,404.0,0.0,0.0,223.0,487.0,273.0,0.0,105.0,531.0,117.0,204.0,26.0,0.0,0.0,0.0,0.0,0.0,0.0,0.0,684.0,299.0,0.0,599.0,0.0,85.0,299.0,0.0
抚顺,2022-11-01,0.0,448.0,68.0,0.0,0.0,10.0,0.0,301.0,0.0,0.0,328.0,345.0,154.0,0.0,86.0,475.0,92.0,141.0,33.0,0.0,0.0,0.0,0.0,0.0,0.0,0.0,472.0,355.0,0.0,409.0,0.0,63.0,355.0,0.0
抚顺,2022-12-01,0.0,545.0,42.0,0.0,0.0,22.0,0.0,369.0,0.0,0.0,388.0,549.0,41.0,0.0,100.0,543.0,137.0,174.0,24.0,0.0,0.0,0.0,0.0,0.0,0.0,0.0,634.0,344.0,0.0,554.0,0.0,80.0,344.0,0.0
抚顺,2023-01-01,0.0,533.0,70.0,0.0,0.0,15.0,0.0,345.0,0.0,0.0,234.0,551.0,178.0,0.0,105.0,489.0,116.0,228.0,25.0,0.0,0.0,0.0,0.0,0.0,0.0,0.0,646.0,317.0,0.0,523.0,0.0,123.0,317.0,0.0
抚顺,2023-02-01,0.0,368.0,53.0,0.0,0.0,4.0,0.0,342.0,0.0,0.0,201.0,438.0,128.0,0.0,86.0,354.0,113.0,175.0,39.0,0.0,0.0,0.0,0.0,0.0,0.0,0.0,553.0,214.0,0.0,501.0,0.0,52.0,214.0,0.0
抚顺,2023-03-01,0.0,477.0,87.0,0.0,0.0,20.0,0.0,459.0,0.0,0.0,197.0,504.0,342.0,0.0,106.0,600.0,88.0,222.0,27.0,0.0,0.0,0.0,0.0,0.0,0.0,0.0,723.0,320.0,0.0,620.0,0.0,103.0,320.0,0.0
抚顺,2023-04-01,0.0,503.0,83.0,0.0,0.0,7.0,0.0,334.0,0.0,0.0,297.0,517.0,113.0,0.0,68.0,488.0,86.0,266.0,19.0,0.0,0.0,0.0,0.0,0.0,0.0,0.0,635.0,292.0,0.0,581.0,0.0,54.0,292.0,0.0
抚顺,2023-05-01,0.0,527.0,59.0,0.0,0.0,38.0,0.0,332.0,0.0,0.0,407.0,458.0,91.0,0.0,130.0,483.0,70.0,261.0,12.0,0.0,0.0,0.0,0.0,0.0,0.0,0.0,623.0,333.0,0.0,517.0,0.0,106.0,333.0,0.0
抚顺,2023-06-01,0.0,543.0,94.0,0.0,0.0,24.0,0.0,319.0,0.0,0.0,102.0,506.0,372.0,0.0,116.0,458.0,110.0,261.0,35.0,0.0,0.0,0.0,0.0,0.0,0.0,0.0,667.0,313.0,0.0,573.0,0.0,94.0,313.0,0.0
抚顺,2023-07-01,0.0,585.0,80.0,0.0,0.0,33.0,0.0,344.0,0.0,0.0,511.0,523.0,8.0,0.0,133.0,527.0,112.0,234.0,36.0,0.0,0.0,0.0,0.0,0.0,0.0,0.0,633.0,409.0,0.0,533.0,0.0,100.0,409.0,0.0
抚顺,2023-08-01,0.0,550.0,49.0,0.0,0.0,21.0,0.0,245.0,0.0,0.0,303.0,344.0,218.0,0.0,68.0,525.0,60.0,207.0,5.0,0.0,0.0,0.0,0.0,0.0,0.0,0.0,515.0,350.0,0.0,452.0,0.0,63.0,350.0,0.0
抚顺,2023-09-01,0.0,442.0,44.0,0.0,0.0,27.0,0.0,323.0,0.0,0.0,83.0,509.0,244.0,0.0,124.0,373.0,99.0,228.0,12.0,0.0,0.0,0.0,0.0,0.0,0.0,0.0,593.0,243.0,0.0,481.0,0.0,112.0,243.0,0.0
抚顺,2023-10-01,0.0,425.0,40.0,0.0,0.0,3.0,0.0,312.0,0.0,0.0,339.0,301.0,140.0,0.0,112.0,404.0,66.0,196.0,2.0,0.0,0.0,0.0,0.0,0.0,0.0,0.0,479.0,301.0,0.0,408.0,0.0,71.0,301.0,0.0
抚顺,2023-11-01,0.0,562.0,64.0,0.0,0.0,37.0,0.0,267.0,0.0,0.0,209.0,484.0,237.0,0.0,87.0,482.0,138.0,191.0,32.0,0.0,0.0,0.0,0.0,0.0,0.0,0.0,602.0,328.0,0.0,515.0,0.0,87.0,328.0,0.0
抚顺,2023-12-01,0.0,452.0,67.0,0.0,0.0,11.0,0.0,395.0,0.0,0.0,152.0,436.0,337.0,0.0,115.0,423.0,132.0,246.0,9.0,0.0,0.0,0.0,0.0,0.0,0.0,0.0,642.0,283.0,0.0,563.0,0.0,79.0,283.0,0.0
抚顺,2024-01-01,0.0,557.0,73.0,0.0,0.0,25.0,0.0,459.0,0.0,0.0,398.0,645.0,71.0,0.0,95.0,590.0,96.0,300.0,33.0,0.0,0.0,0.0,0.0,0.0,0.0,0.0,817.0,297.0,0.0,708.0,0.0,109.0,297.0,0.0
抚顺,2024-02-01,0.0,452.0,61.0,0.0,0.0,35.0,0.0,331.0,0.0,0.0,269.0,446.0,164.0,0.0,96.0,443.0,53.0,278.0,9.0,0.0,0.0,0.0,0.0,0.0,0.0,0.0,639.0,240.0,0.0,543.0,0.0,96.0,240.0,0.0
抚顺,2024-03-01,0.0,420.0,35.0,0.0,0.0,5.0,0.0,425.0,0.0,0.0,330.0,359.0,196.0,0.0,95.0,543.0,131.0,103.0,13.0,0.0,0.0,0.0,0.0,0.0,0.0,0.0,562.0,323.0,0.0,547.0,0.0,15.0,323.0,0.0
抚顺,2024-04-01,0.0,474.0,26.0,0.0,0.0,28.0,0.0,400.0,0.0,0.0,465.0,447.0,16.0,0.0,89.0,560.0,102.0,160.0,17.0,0.0,0.0,0.0,0.0,0.0,0.0,0.0,640.0,288.0,0.0,543.0,0.0,97.0,288.0,0.0
抚顺,2024-05-01,0.0,458.0,60.0,0.0,0.0,13.0,0.0,387.0,0.0,0.0,222.0,403.0,293.0,0.0,79.0,559.0,134.0,119.0,27.0,0.0,0.0,0.0,0.0,0.0,0.0,0.0,614.0,304.0,0.0,564.0,0.0,50.0,304.0,0.0
抚顺,2024-06-01,0.0,561.0,81.0,0.0,0.0,1.0,0.0,336.0,0.0,0.0,221.0,555.0,203.0,0.0,46.0,518.0,81.0,310.0,24.0,0.0,0.0,0.0,0.0,0.0,0.0,0.0,713.0,266.0,0.0,641.0,0.0,72.0,266.0,0.0
抚顺,2024-07-01,0.0,447.0,74.0,0.0,0.0,7.0,0.0,382.0,0.0,0.0,154.0,423.0,333.0,0.0,96.0,507.0,65.0,227.0,15.0,0.0,0.0,0.0,0.0,0.0,0.0,0.0,619.0,291.0,0.0,543.0,0.0,76.0,291.0,0.0
抚顺,2024-08-01,0.0,504.0,90.0,0.0,0.0,26.0,0.0,481.0,0.0,0.0,111.0,661.0,329.0,0.0,138.0,471.0,152.0,301.0,39.0,0.0,0.0,0.0,0.0,0.0,0.0,0.0,911.0,190.0,0.0,802.0,0.0,109.0,190.0,0.0
抚顺,2024-09-01,0.0,508.0,23.0,0.0,0.0,5.0,0.0,368.0,0.0,0.0,335.0,416.0,153.0,0.0,85.0,484.0,144.0,190.0,1.0,0.0,0.0,0.0,0.0,0.0,0.0,0.0,604.0,300.0,0.0,527.0,0.0,77.0,300.0,0.0
朝阳,2022-06-01,52.0,546.0,65.0,11.0,0.0,0.0,0.0,569.0,0.0,0.0,159.0,598.0,486.0,0.0,105.0,603.0,207.0,278.0,8.0,0.0,31.0,0.0,11.0,0.0,0.0,0.0,785.0,437.0,21.0,678.0,0.0,159.0,406.0,0.0
朝阳,2022-07-01,24.0,402.0,80.0,12.0,0.0,0.0,0.0,407.0,0.0,0.0,229.0,521.0,175.0,0.0,89.0,451.0,129.0,197.0,23.0,0.0,24.0,0.0,12.0,0.0,0.0,0.0,642.0,272.0,11.0,503.0,0.0,163.0,259.0,0.0
朝阳,2022-08-01,63.0,559.0,67.0,30.0,0.0,0.0,0.0,546.0,0.0,0.0,147.0,690.0,428.0,0.0,105.0,624.0,217.0,175.0,40.0,0.0,74.0,0.0,30.0,0.0,0.0,0.0,913.0,313.0,39.0,787.0,0.0,189.0,289.0,0.0
朝阳,2022-09-01,52.0,605.0,66.0,13.0,0.0,0.0,0.0,641.0,0.0,0.0,156.0,789.0,432.0,0.0,128.0,749.0,166.0,240.0,40.0,0.0,41.0,0.0,13.0,0.0,0.0,0.0,979.0,374.0,24.0,817.0,0.0,214.0,346.0,0.0
朝阳,2022-10-01,30.0,677.0,73.0,39.0,0.0,0.0,0.0,544.0,0.0,0.0,303.0,732.0,328.0,0.0,104.0,703.0,178.0,281.0,15.0,0.0,43.0,0.0,39.0,0.0,0.0,0.0,963.0,392.0,8.0,751.0,0.0,242.0,370.0,0.0
朝阳,2022-11-01,43.0,520.0,110.0,24.0,0.0,0.0,0.0,606.0,0.0,0.0,380.0,857.0,66.0,0.0,27.0,722.0,122.0,308.0,37.0,0.0,63.0,0.0,24.0,0.0,0.0,0.0,982.0,282.0,39.0,734.0,0.0,291.0,278.0,0.0
朝阳,2022-12-01,61.0,537.0,62.0,2.0,0.0,0.0,0.0,652.0,0.0,0.0,374.0,703.0,237.0,0.0,103.0,731.0,238.0,186.0,6.0,0.0,48.0,0.0,2.0,0.0,0.0,0.0,903.0,378.0,33.0,704.0,0.0,260.0,350.0,0.0
朝阳,2023-01-01,30.0,474.0,92.0,20.0,0.0,0.0,0.0,610.0,0.0,0.0,186.0,684.0,356.0,0.0,96.0,625.0,193.0,215.0,33.0,0.0,44.0,0.0,20.0,0.0,0.0,0.0,886.0,318.0,22.0,672.0,0.0,244.0,310.0,0.0
朝阳,2023-02-01,38.0,546.0,98.0,35.0,0.0,0.0,0.0,631.0,0.0,0.0,360.0,680.0,308.0,0.0,154.0,687.0,211.0,208.0,34.0,0.0,19.0,0.0,35.0,0.0,0.0,0.0,882.0,457.0,9.0,604.0,0.0,316.0,428.0,0.0
朝阳,2023-03-01,77.0,449.0,71.0,11.0,0.0,0.0,0.0,785.0,0.0,0.0,305.0,789.0,299.0,0.0,122.0,781.0,168.0,245.0,21.0,0.0,45.0,0.0,11.0,0.0,0.0,0.0,928.0,427.0,38.0,742.0,0.0,263.0,388.0,0.0
朝阳,2023-04-01,48.0,528.0,117.0,29.0,0.0,0.0,0.0,681.0,0.0,0.0,222.0,737.0,444.0,0.0,100.0,736.0,187.0,271.0,38.0,0.0,42.0,0.0,29.0,0.0,0.0,0.0,966.0,410.0,27.0,802.0,0.0,212.0,389.0,0.0
朝阳,2023-05-01,40.0,591.0,116.0,37.0,0.0,0.0,0.0,682.0,0.0,0.0,269.0,819.0,378.0,0.0,94.0,755.0,246.0,248.0,40.0,0.0,46.0,0.0,37.0,0.0,0.0,0.0,1040.0,396.0,30.0,872.0,0.0,208.0,386.0,0.0
朝阳,2023-06-01,44.0,481.0,60.0,4.0,0.0,0.0,0.0,615.0,0.0,0.0,275.0,699.0,230.0,0.0,99.0,589.0,219.0,229.0,11.0,0.0,53.0,0.0,4.0,0.0,0.0,0.0,877.0,303.0,24.0,709.0,0.0,212.0,283.0,0.0
朝阳,2023-07-01,30.0,666.0,83.0,5.0,0.0,0.0,0.0,464.0,0.0,0.0,286.0,606.0,356.0,0.0,99.0,607.0,171.0,318.0,15.0,0.0,33.0,0.0,5.0,0.0,0.0,0.0,825.0,417.0,6.0,664.0,0.0,191.0,393.0,0.0
朝阳,2023-08-01,54.0,581.0,98.0,25.0,0.0,0.0,0.0,578.0,0.0,0.0,281.0,644.0,411.0,0.0,117.0,694.0,188.0,260.0,1.0,0.0,51.0,0.0,25.0,0.0,0.0,0.0,885.0,427.0,24.0,703.0,0.0,236.0,397.0,0.0
朝阳,2023-09-01,46.0,555.0,70.0,11.0,0.0,0.0,0.0,543.0,0.0,0.0,422.0,655.0,148.0,0.0,119.0,577.0,188.0,257.0,11.0,0.0,62.0,0.0,11.0,0.0,0.0,0.0,798.0,394.0,33.0,609.0,0.0,235.0,381.0,0.0
朝阳,2023-10-01,35.0,579.0,70.0,14.0,0.0,0.0,0.0,667.0,0.0,0.0,353.0,805.0,207.0,0.0,98.0,742.0,214.0,235.0,2.0,0.0,60.0,0.0,14.0,0.0,0.0,0.0,948.0,395.0,22.0,689.0,0.0,294.0,382.0,0.0
朝阳,2023-11-01,61.0,633.0,115.0,15.0,0.0,0.0,0.0,788.0,0.0,0.0,284.0,962.0,366.0,0.0,126.0,859.0,189.0,316.0,36.0,0.0,71.0,0.0,15.0,0.0,0.0,0.0,1129.0,452.0,31.0,922.0,0.0,268.0,422.0,0.0
朝阳,2023-12-01,6.0,567.0,94.0,40.0,0.0,0.0,0.0,524.0,0.0,0.0,141.0,726.0,364.0,0.0,71.0,605.0,196.0,256.0,29.0,0.0,34.0,0.0,40.0,0.0,0.0,0.0,893.0,336.0,2.0,653.0,0.0,246.0,332.0,0.0
朝阳,2024-01-01,49.0,455.0,86.0,6.0,0.0,0.0,0.0,545.0,0.0,0.0,436.0,578.0,127.0,0.0,86.0,627.0,171.0,202.0,18.0,0.0,31.0,0.0,6.0,0.0,0.0,0.0,750.0,369.0,22.0,591.0,0.0,208.0,342.0,0.0
朝阳,2024-02-01,41.0,577.0,67.0,11.0,0.0,0.0,0.0,500.0,0.0,0.0,313.0,681.0,202.0,0.0,109.0,564.0,239.0,231.0,9.0,0.0,33.0,0.0,11.0,0.0,0.0,0.0,843.0,342.0,11.0,717.0,0.0,167.0,312.0,0.0
朝阳,2024-03-01,44.0,569.0,62.0,37.0,0.0,0.0,0.0,657.0,0.0,0.0,228.0,701.0,440.0,0.0,117.0,763.0,173.0,242.0,6.0,0.0,31.0,0.0,37.0,0.0,0.0,0.0,883.0,481.0,5.0,713.0,0.0,214.0,442.0,0.0
朝阳,2024-04-01,36.0,635.0,95.0,27.0,0.0,0.0,0.0,676.0,0.0,0.0,249.0,794.0,426.0,0.0,72.0,797.0,217.0,292.0,7.0,0.0,57.0,0.0,27.0,0.0,0.0,0.0,975.0,464.0,30.0,782.0,0.0,229.0,458.0,0.0
朝阳,2024-05-01,36.0,462.0,76.0,14.0,0.0,0.0,0.0,537.0,0.0,0.0,464.0,551.0,110.0,0.0,106.0,613.0,140.0,208.0,38.0,0.0,6.0,0.0,14.0,0.0,0.0,0.0,706.0,415.0,4.0,556.0,0.0,186.0,383.0,0.0
朝阳,2024-06-01,60.0,664.0,89.0,8.0,0.0,0.0,0.0,607.0,0.0,0.0,636.0,663.0,129.0,0.0,88.0,792.0,227.0,241.0,5.0,0.0,67.0,0.0,8.0,0.0,0.0,0.0,881.0,512.0,35.0,680.0,0.0,261.0,487.0,0.0
朝阳,2024-07-01,10.0,580.0,86.0,18.0,0.0,0.0,0.0,603.0,0.0,0.0,213.0,752.0,332.0,0.0,53.0,683.0,209.0,277.0,22.0,0.0,35.0,0.0,18.0,0.0,0.0,0.0,964.0,328.0,5.0,722.0,0.0,252.0,323.0,0.0
朝阳,2024-08-01,48.0,618.0,90.0,23.0,0.0,0.0,0.0,597.0,0.0,0.0,313.0,673.0,390.0,0.0,123.0,697.0,179.0,322.0,9.0,0.0,23.0,0.0,23.0,0.0,0.0,0.0,834.0,523.0,19.0,660.0,0.0,222.0,494.0,0.0
朝阳,2024-09-01,29.0,659.0,43.0,19.0,0.0,0.0,0.0,580.0,0.0,0.0,466.0,721.0,143.0,0.0,83.0,618.0,282.0,267.0,11.0,0.0,50.0,0.0,19.0,0.0,0.0,0.0,932.0,388.0,10.0,810.0,0.0,151.0,369.0,0.0
本溪,2022-06-01,17.0,225.0,0.0,0.0,0.0,8.0,0.0,217.0,0.0,0.0,132.0,270.0,65.0,0.0,30.0,244.0,91.0,85.0,0.0,0.0,17.0,0.0,0.0,0.0,0.0,0.0,372.0,78.0,17.0,238.0,31.0,151.0,47.0,0.0
本溪,2022-07-01,11.0,221.0,0.0,0.0,0.0,15.0,0.0,130.0,0.0,0.0,67.0,201.0,109.0,0.0,45.0,192.0,76.0,53.0,0.0,0.0,11.0,0.0,0.0,0.0,0.0,0.0,263.0,103.0,11.0,166.0,11.0,108.0,92.0,0.0
本溪,2022-08-01,36.0,255.0,0.0,0.0,0.0,2.0,0.0,264.0,0.0,0.0,70.0,314.0,173.0,0.0,26.0,329.0,57.0,109.0,0.0,0.0,36.0,0.0,0.0,0.0,0.0,0.0,428.0,93.0,36.0,252.0,16.0,212.0,77.0,0.0
本溪,2022-09-01,28.0,322.0,0.0,0.0,0.0,11.0,0.0,213.0,0.0,0.0,132.0,308.0,134.0,0.0,82.0,270.0,78.0,116.0,0.0,0.0,28.0,0.0,0.0,0.0,0.0,0.0,400.0,146.0,28.0,274.0,40.0,154.0,106.0,0.0
本溪,2022-10-01,39.0,263.0,0.0,0.0,0.0,8.0,0.0,228.0,0.0,0.0,84.0,356.0,98.0,0.0,51.0,256.0,103.0,89.0,0.0,0.0,39.0,0.0,0.0,0.0,0.0,0.0,392.0,107.0,39.0,245.0,11.0,186.0,96.0,0.0
本溪,2022-11-01,28.0,216.0,0.0,0.0,0.0,21.0,0.0,216.0,0.0,0.0,29.0,286.0,166.0,0.0,35.0,240.0,53.0,125.0,0.0,0.0,28.0,0.0,0.0,0.0,0.0,0.0,391.0,62.0,28.0,267.0,12.0,152.0,50.0,0.0
本溪,2022-12-01,35.0,372.0,0.0,0.0,0.0,25.0,0.0,265.0,0.0,0.0,190.0,376.0,131.0,0.0,82.0,367.0,108.0,105.0,0.0,0.0,35.0,0.0,0.0,0.0,0.0,0.0,473.0,189.0,35.0,296.0,37.0,212.0,152.0,0.0
本溪,2023-01-01,11.0,253.0,0.0,0.0,0.0,39.0,0.0,229.0,0.0,0.0,98.0,291.0,143.0,0.0,80.0,298.0,71.0,72.0,0.0,0.0,11.0,0.0,0.0,0.0,0.0,0.0,404.0,117.0,11.0,250.0,31.0,165.0,86.0,0.0
本溪,2023-02-01,32.0,259.0,0.0,0.0,0.0,35.0,0.0,221.0,0.0,0.0,75.0,343.0,129.0,0.0,105.0,205.0,108.0,97.0,0.0,0.0,32.0,0.0,0.0,0.0,0.0,0.0,424.0,91.0,32.0,245.0,13.0,211.0,78.0,0.0
本溪,2023-03-01,18.0,271.0,0.0,0.0,0.0,30.0,0.0,283.0,0.0,0.0,284.0,298.0,20.0,0.0,102.0,341.0,92.0,49.0,0.0,0.0,18.0,0.0,0.0,0.0,0.0,0.0,432.0,152.0,18.0,269.0,38.0,181.0,114.0,0.0
本溪,2023-04-01,19.0,200.0,0.0,0.0,0.0,15.0,0.0,270.0,0.0,0.0,148.0,278.0,78.0,0.0,34.0,292.0,77.0,82.0,0.0,0.0,19.0,0.0,0.0,0.0,0.0,0.0,415.0,70.0,19.0,306.0,9.0,128.0,61.0,0.0
本溪,2023-05-01,7.0,249.0,0.0,0.0,0.0,28.0,0.0,152.0,0.0,0.0,78.0,263.0,95.0,0.0,48.0,183.0,107.0,91.0,0.0,0.0,7.0,0.0,0.0,0.0,0.0,0.0,351.0,78.0,7.0,190.0,6.0,168.0,72.0,0.0
本溪,2023-06-01,2.0,267.0,0.0,0.0,0.0,38.0,0.0,208.0,0.0,0.0,152.0,267.0,96.0,0.0,84.0,245.0,121.0,63.0,0.0,0.0,2.0,0.0,0.0,0.0,0.0,0.0,398.0,115.0,2.0,232.0,18.0,168.0,97.0,0.0
本溪,2023-07-01,10.0,214.0,0.0,0.0,0.0,37.0,0.0,242.0,0.0,0.0,173.0,281.0,49.0,0.0,89.0,274.0,25.0,105.0,0.0,0.0,10.0,0.0,0.0,0.0,0.0,0.0,401.0,92.0,10.0,257.0,4.0,154.0,88.0,0.0
本溪,2023-08-01,40.0,259.0,0.0,0.0,0.0,18.0,0.0,268.0,0.0,0.0,212.0,338.0,35.0,0.0,72.0,297.0,88.0,88.0,0.0,0.0,40.0,0.0,0.0,0.0,0.0,0.0,455.0,90.0,40.0,258.0,18.0,237.0,72.0,0.0
本溪,2023-09-01,35.0,279.0,0.0,0.0,0.0,8.0,0.0,200.0,0.0,0.0,33.0,292.0,197.0,0.0,63.0,245.0,91.0,88.0,0.0,0.0,35.0,0.0,0.0,0.0,0.0,0.0,374.0,113.0,35.0,217.0,18.0,192.0,95.0,0.0
本溪,2023-10-01,4.0,296.0,0.0,0.0,0.0,2.0,0.0,168.0,0.0,0.0,49.0,274.0,147.0,0.0,44.0,219.0,91.0,112.0,0.0,0.0,4.0,0.0,0.0,0.0,0.0,0.0,359.0,107.0,4.0,200.0,20.0,163.0,87.0,0.0
本溪,2023-11-01,24.0,216.0,0.0,0.0,0.0,6.0,0.0,155.0,0.0,0.0,106.0,233.0,62.0,0.0,32.0,188.0,74.0,83.0,0.0,0.0,24.0,0.0,0.0,0.0,0.0,0.0,293.0,84.0,24.0,179.0,22.0,138.0,62.0,0.0
本溪,2023-12-01,36.0,259.0,0.0,0.0,0.0,36.0,0.0,302.0,0.0,0.0,36.0,376.0,221.0,0.0,73.0,317.0,95.0,112.0,0.0,0.0,36.0,0.0,0.0,0.0,0.0,0.0,513.0,84.0,36.0,350.0,22.0,199.0,62.0,0.0
本溪,2024-01-01,34.0,160.0,0.0,0.0,0.0,36.0,0.0,269.0,0.0,0.0,216.0,273.0,10.0,0.0,76.0,286.0,62.0,41.0,0.0,0.0,34.0,0.0,0.0,0.0,0.0,0.0,388.0,77.0,34.0,286.0,9.0,136.0,68.0,0.0
本溪,2024-02-01,14.0,198.0,0.0,0.0,0.0,1.0,0.0,255.0,0.0,0.0,24.0,254.0,190.0,0.0,43.0,283.0,87.0,41.0,0.0,0.0,14.0,0.0,0.0,0.0,0.0,0.0,356.0,98.0,14.0,232.0,40.0,138.0,58.0,0.0
本溪,2024-03-01,38.0,270.0,0.0,0.0,0.0,35.0,0.0,215.0,0.0,0.0,21.0,314.0,223.0,0.0,93.0,264.0,59.0,104.0,0.0,0.0,38.0,0.0,0.0,0.0,0.0,0.0,379.0,141.0,38.0,218.0,16.0,199.0,125.0,0.0
本溪,2024-04-01,39.0,284.0,0.0,0.0,0.0,33.0,0.0,213.0,0.0,0.0,77.0,340.0,152.0,0.0,80.0,261.0,96.0,93.0,0.0,0.0,39.0,0.0,0.0,0.0,0.0,0.0,399.0,131.0,39.0,235.0,16.0,203.0,115.0,0.0
本溪,2024-05-01,35.0,225.0,0.0,0.0,0.0,24.0,0.0,261.0,0.0,0.0,177.0,324.0,44.0,0.0,81.0,275.0,77.0,77.0,0.0,0.0,35.0,0.0,0.0,0.0,0.0,0.0,400.0,110.0,35.0,274.0,36.0,161.0,74.0,0.0
本溪,2024-06-01,3.0,304.0,0.0,0.0,0.0,3.0,0.0,140.0,0.0,11.0,103.0,246.0,90.0,0.0,45.0,208.0,84.0,110.0,0.0,0.0,3.0,0.0,0.0,0.0,0.0,0.0,320.0,127.0,3.0,204.0,33.0,119.0,83.0,11.0
本溪,2024-07-01,37.0,254.0,0.0,0.0,0.0,23.0,0.0,121.0,0.0,0.0,72.0,252.0,111.0,0.0,80.0,141.0,112.0,65.0,0.0,0.0,37.0,0.0,0.0,0.0,0.0,0.0,284.0,114.0,37.0,171.0,34.0,150.0,80.0,0.0
本溪,2024-08-01,5.0,264.0,0.0,0.0,0.0,20.0,0.0,170.0,0.0,31.0,137.0,219.0,72.0,0.0,75.0,232.0,79.0,68.0,0.0,0.0,5.0,0.0,0.0,0.0,0.0,0.0,296.0,158.0,5.0,160.0,10.0,141.0,117.0,31.0
本溪,2024-09-01,19.0,185.0,0.0,0.0,0.0,27.0,0.0,290.0,0.0,14.0,184.0,271.0,52.0,0.0,41.0,356.0,38.0,67.0,0.0,0.0,19.0,0.0,0.0,0.0,0.0,0.0,400.0,102.0,19.0,266.0,12.0,153.0,76.0,14.0
沈阳,2022-06-01,1853.0,12147.0,3458.0,1234.0,363.0,768.0,530.0,5598.0,32.0,311.0,6022.0,13312.0,6338.0,123.0,3335.0,6035.0,3960.0,4423.0,1366.0,1684.0,1988.0,1388.0,1098.0,261.0,322.0,0.0,17156.0,7410.0,1417.0,10979.0,1332.0,8953.0,4079.0,640.0
沈阳,2022-07-01,1059.0,7618.0,2042.0,931.0,132.0,384.0,551.0,4327.0,13.0,226.0,3771.0,8971.0,4089.0,42.0,2061.0,4454.0,2392.0,2735.0,923.0,1094.0,1216.0,996.0,863.0,150.0,131.0,0.0,11441.0,4623.0,993.0,7285.0,753.0,6148.0,2481.0,390.0
沈阳,2022-08-01,1690.0,12630.0,2742.0,1025.0,264.0,413.0,661.0,5704.0,2.0,301.0,6491.0,12367.0,5972.0,47.0,2865.0,6120.0,3821.0,3903.0,1588.0,1711.0,2396.0,1084.0,1204.0,144.0,248.0,0.0,16534.0,7057.0,1540.0,10866.0,1194.0,8408.0,4033.0,630.0
沈阳,2022-09-01,1835.0,11383.0,3529.0,1456.0,176.0,966.0,738.0,5813.0,14.0,403.0,6838.0,13181.0,5488.0,136.0,3400.0,6408.0,3759.0,4714.0,1179.0,1382.0,1952.0,1410.0,1125.0,161.0,284.0,0.0,17310.0,7303.0,1297.0,10950.0,1036.0,9309.0,3955.0,660.0
沈阳,2022-10-01,2051.0,12545.0,2719.0,840.0,259.0,394.0,659.0,6472.0,3.0,563.0,6105.0,12569.0,6705.0,43.0,3147.0,6744.0,4027.0,4219.0,1621.0,1589.0,1947.0,1326.0,934.0,126.0,219.0,0.0,16925.0,7719.0,1298.0,11677.0,1358.0,7964.0,4112.0,831.0
沈阳,2022-11-01,1535.0,12074.0,2936.0,1368.0,177.0,803.0,507.0,6036.0,12.0,341.0,7514.0,12592.0,5001.0,40.0,2981.0,6640.0,3694.0,3810.0,1676.0,1182.0,2499.0,1676.0,932.0,140.0,178.0,0.0,17157.0,6505.0,1786.0,10834.0,967.0,9144.0,3828.0,675.0
沈阳,2022-12-01,1497.0,12537.0,2961.0,1495.0,290.0,540.0,525.0,6323.0,16.0,505.0,5868.0,13071.0,6740.0,90.0,2996.0,6514.0,4658.0,3664.0,1534.0,1381.0,1841.0,1928.0,1136.0,232.0,210.0,0.0,16684.0,8076.0,1424.0,10339.0,1198.0,9180.0,4727.0,740.0
沈阳,2023-01-01,1523.0,12690.0,3244.0,1546.0,207.0,864.0,657.0,5748.0,40.0,499.0,6717.0,13823.0,5480.0,62.0,3114.0,6127.0,4067.0,4903.0,1345.0,1498.0,1808.0,1771.0,1479.0,207.0,138.0,0.0,17875.0,7440.0,1204.0,11226.0,1190.0,9153.0,4106.0,844.0
沈阳,2023-02-01,1742.0,11017.0,3217.0,1847.0,189.0,734.0,602.0,6364.0,29.0,441.0,6117.0,12839.0,6344.0,143.0,3156.0,6676.0,3773.0,3853.0,1263.0,1139.0,2304.0,1481.0,1561.0,189.0,203.0,0.0,16669.0,7472.0,1600.0,10757.0,1262.0,8865.0,4108.0,749.0
沈阳,2023-03-01,1866.0,11887.0,2235.0,1597.0,187.0,743.0,856.0,5913.0,9.0,488.0,8138.0,11914.0,4753.0,37.0,3416.0,6101.0,4158.0,3520.0,1264.0,1376.0,2065.0,1825.0,1134.0,168.0,229.0,0.0,15900.0,7791.0,1602.0,10470.0,1187.0,8494.0,4224.0,918.0
沈阳,2023-04-01,1572.0,12619.0,3064.0,1642.0,182.0,559.0,475.0,5553.0,14.0,558.0,6911.0,12685.0,5526.0,105.0,2909.0,5916.0,4208.0,4138.0,1601.0,1291.0,2331.0,1629.0,1221.0,149.0,182.0,0.0,17248.0,7272.0,1160.0,11246.0,1269.0,8342.0,3880.0,943.0
沈阳,2023-05-01,2053.0,12026.0,3353.0,1551.0,324.0,630.0,803.0,5728.0,18.0,1001.0,5517.0,13175.0,6793.0,87.0,3215.0,6017.0,3873.0,4467.0,1164.0,1675.0,2462.0,1809.0,1217.0,230.0,270.0,0.0,16752.0,8075.0,1659.0,10090.0,1257.0,9758.0,4107.0,1274.0
沈阳,2023-06-01,1765.0,13182.0,3278.0,1296.0,163.0,431.0,483.0,6760.0,14.0,814.0,7662.0,14074.0,4822.0,81.0,2469.0,7089.0,4546.0,4406.0,1277.0,1412.0,2737.0,1796.0,1187.0,88.0,284.0,0.0,18074.0,7652.0,1646.0,11094.0,1077.0,9655.0,4401.0,1145.0
沈阳,2023-07-01,1905.0,11921.0,3167.0,1092.0,145.0,812.0,462.0,5662.0,11.0,779.0,5134.0,12556.0,6708.0,62.0,3110.0,6400.0,3371.0,4177.0,1372.0,1235.0,2314.0,1834.0,1032.0,134.0,136.0,0.0,16547.0,7396.0,1234.0,10185.0,1194.0,8685.0,4079.0,1034.0
沈阳,2023-08-01,1970.0,12806.0,2881.0,1829.0,270.0,903.0,677.0,5920.0,21.0,986.0,5513.0,12854.0,7924.0,115.0,3519.0,6741.0,3848.0,3928.0,1801.0,1204.0,2660.0,1645.0,1380.0,211.0,225.0,0.0,17121.0,8602.0,1554.0,10959.0,1362.0,9290.0,4310.0,1356.0
沈阳,2023-09-01,1702.0,12493.0,3223.0,1252.0,205.0,622.0,707.0,5853.0,27.0,1278.0,6634.0,12643.0,5529.0,120.0,2927.0,6307.0,3913.0,3721.0,1314.0,1434.0,2871.0,2123.0,959.0,196.0,199.0,0.0,16548.0,7950.0,1586.0,10651.0,1139.0,8814.0,3858.0,1622.0
沈阳,2023-10-01,1542.0,12120.0,3305.0,1388.0,225.0,638.0,464.0,5105.0,34.0,1325.0,6884.0,11760.0,4852.0,99.0,2859.0,5603.0,3663.0,3977.0,1385.0,1272.0,2316.0,1812.0,1373.0,184.0,278.0,0.0,15238.0,8175.0,1408.0,9067.0,1295.0,8731.0,4135.0,1593.0
沈阳,2023-11-01,1491.0,11786.0,2863.0,1571.0,351.0,447.0,705.0,6555.0,6.0,1050.0,7132.0,12098.0,5495.0,103.0,3368.0,6378.0,3756.0,3496.0,1484.0,1435.0,2010.0,1625.0,1521.0,235.0,364.0,0.0,16162.0,8206.0,1407.0,10219.0,1178.0,8821.0,4193.0,1364.0
沈阳,2023-12-01,1306.0,12661.0,3419.0,1284.0,200.0,605.0,680.0,6355.0,21.0,1364.0,6842.0,12828.0,5497.0,31.0,2853.0,6832.0,4144.0,3919.0,1751.0,1590.0,2368.0,1246.0,1386.0,132.0,279.0,0.0,17118.0,8197.0,1216.0,10789.0,1272.0,8653.0,4181.0,1636.0
沈阳,2024-01-01,1343.0,11810.0,3453.0,921.0,226.0,445.0,784.0,6314.0,33.0,800.0,5956.0,11978.0,6595.0,41.0,3293.0,6696.0,3951.0,3295.0,1464.0,1546.0,2286.0,1225.0,1039.0,220.0,273.0,0.0,16002.0,8162.0,1165.0,10521.0,1202.0,7921.0,4404.0,1281.0
沈阳,2024-02-01,1590.0,11847.0,3525.0,1271.0,266.0,542.0,476.0,6537.0,38.0,546.0,5283.0,13934.0,6329.0,130.0,2334.0,6961.0,4041.0,4060.0,1516.0,1745.0,1986.0,1867.0,1007.0,202.0,243.0,0.0,17732.0,7067.0,1293.0,11034.0,1165.0,9020.0,3966.0,907.0
沈阳,2024-03-01,1586.0,12916.0,2987.0,1153.0,328.0,662.0,707.0,6177.0,9.0,1142.0,6797.0,12860.0,5726.0,38.0,3646.0,6013.0,4504.0,4166.0,1452.0,1456.0,1909.0,1737.0,1062.0,241.0,301.0,0.0,16391.0,8689.0,1445.0,10006.0,1102.0,9211.0,4771.0,1435.0
沈阳,2024-04-01,1495.0,11594.0,4189.0,1532.0,233.0,803.0,599.0,5158.0,31.0,851.0,3854.0,13869.0,7060.0,84.0,2681.0,5856.0,3563.0,4412.0,1371.0,1601.0,2371.0,1995.0,1217.0,250.0,233.0,0.0,17628.0,6513.0,1493.0,10320.0,1058.0,10021.0,3161.0,1074.0
沈阳,2024-05-01,1430.0,12720.0,3123.0,1483.0,203.0,891.0,665.0,6579.0,17.0,1033.0,5566.0,13999.0,6513.0,47.0,3491.0,6324.0,4468.0,3835.0,1806.0,1701.0,1914.0,1862.0,1244.0,170.0,249.0,0.0,18043.0,7746.0,1322.0,11143.0,1092.0,9377.0,4266.0,1233.0
沈阳,2024-06-01,1838.0,14104.0,3073.0,632.0,288.0,666.0,752.0,5710.0,34.0,1598.0,5055.0,12705.0,7739.0,101.0,3344.0,6166.0,3996.0,4960.0,2183.0,1473.0,1924.0,1406.0,1057.0,223.0,264.0,0.0,16869.0,8746.0,1482.0,11749.0,1177.0,8111.0,4067.0,1993.0
沈阳,2024-07-01,1543.0,15019.0,3253.0,1317.0,181.0,663.0,762.0,6359.0,34.0,1766.0,6496.0,14210.0,6659.0,65.0,3241.0,6549.0,4792.0,4421.0,2335.0,2059.0,2211.0,1818.0,1242.0,181.0,217.0,0.0,18673.0,9018.0,1440.0,11771.0,1138.0,9671.0,4421.0,2130.0
沈阳,2024-08-01,1842.0,13655.0,2923.0,1725.0,279.0,424.0,475.0,5943.0,18.0,1683.0,5533.0,12939.0,7129.0,90.0,2988.0,6275.0,3748.0,4080.0,2067.0,1861.0,2288.0,1853.0,1513.0,261.0,260.0,0.0,17367.0,8304.0,1613.0,10763.0,1144.0,9570.0,3927.0,1880.0
沈阳,2024-09-01,1454.0,14586.0,3434.0,1278.0,243.0,534.0,568.0,6030.0,32.0,2400.0,4919.0,12583.0,8257.0,113.0,3049.0,6364.0,4887.0,3879.0,2215.0,1914.0,2280.0,1843.0,1183.0,186.0,246.0,0.0,16967.0,9696.0,1496.0,10741.0,1232.0,8905.0,4632.0,2649.0
盘锦,2022-06-01,11.0,538.0,308.0,130.0,0.0,63.0,68.0,578.0,0.0,0.0,241.0,1021.0,434.0,0.0,164.0,568.0,166.0,583.0,153.0,24.0,37.0,0.0,1.0,0.0,0.0,0.0,1222.0,472.0,2.0,661.0,6.0,599.0,392.0,38.0
盘锦,2022-07-01,56.0,433.0,198.0,64.0,0.0,22.0,35.0,326.0,0.0,0.0,168.0,663.0,303.0,0.0,97.0,326.0,131.0,361.0,95.0,51.0,51.0,0.0,22.0,0.0,0.0,0.0,815.0,302.0,17.0,510.0,19.0,346.0,248.0,11.0
盘锦,2022-08-01,42.0,587.0,314.0,75.0,0.0,25.0,25.0,548.0,0.0,0.0,110.0,1135.0,371.0,0.0,86.0,517.0,186.0,629.0,65.0,63.0,33.0,0.0,37.0,0.0,0.0,0.0,1261.0,343.0,12.0,629.0,32.0,668.0,252.0,35.0
盘锦,2022-09-01,45.0,567.0,349.0,97.0,0.0,7.0,42.0,446.0,0.0,0.0,201.0,1074.0,278.0,0.0,84.0,456.0,173.0,607.0,97.0,25.0,71.0,0.0,40.0,0.0,0.0,0.0,1125.0,412.0,16.0,635.0,1.0,538.0,352.0,27.0
盘锦,2022-10-01,75.0,566.0,237.0,167.0,0.0,41.0,31.0,495.0,0.0,0.0,475.0,996.0,141.0,0.0,100.0,465.0,172.0,548.0,176.0,74.0,55.0,0.0,22.0,0.0,0.0,0.0,1146.0,438.0,28.0,695.0,31.0,509.0,369.0,8.0
盘锦,2022-11-01,67.0,593.0,292.0,127.0,0.0,57.0,48.0,451.0,0.0,0.0,267.0,1017.0,351.0,0.0,126.0,491.0,199.0,559.0,117.0,33.0,79.0,0.0,31.0,0.0,0.0,0.0,1149.0,464.0,22.0,585.0,5.0,612.0,406.0,27.0
盘锦,2022-12-01,82.0,804.0,192.0,155.0,0.0,27.0,70.0,505.0,0.0,0.0,171.0,1162.0,502.0,0.0,161.0,467.0,151.0,722.0,156.0,95.0,53.0,0.0,30.0,0.0,0.0,0.0,1226.0,586.0,23.0,707.0,36.0,573.0,508.0,11.0
盘锦,2023-01-01,44.0,559.0,318.0,125.0,0.0,42.0,47.0,538.0,0.0,0.0,201.0,1081.0,391.0,0.0,124.0,529.0,146.0,583.0,158.0,55.0,40.0,0.0,38.0,0.0,0.0,0.0,1235.0,428.0,10.0,659.0,40.0,608.0,347.0,19.0
盘锦,2023-02-01,61.0,674.0,288.0,128.0,0.0,62.0,63.0,585.0,0.0,0.0,444.0,1106.0,311.0,0.0,152.0,582.0,165.0,704.0,147.0,34.0,65.0,0.0,12.0,0.0,0.0,0.0,1284.0,560.0,17.0,722.0,21.0,610.0,498.0,10.0
盘锦,2023-03-01,82.0,608.0,317.0,114.0,0.0,57.0,69.0,404.0,0.0,0.0,396.0,979.0,276.0,0.0,175.0,408.0,155.0,611.0,126.0,61.0,88.0,0.0,27.0,0.0,0.0,0.0,1078.0,539.0,34.0,614.0,22.0,527.0,468.0,20.0
盘锦,2023-04-01,46.0,493.0,360.0,103.0,0.0,55.0,38.0,407.0,0.0,0.0,237.0,1061.0,204.0,0.0,134.0,360.0,121.0,659.0,120.0,16.0,69.0,0.0,23.0,0.0,0.0,0.0,1118.0,358.0,26.0,590.0,22.0,568.0,308.0,14.0
盘锦,2023-05-01,71.0,687.0,368.0,148.0,0.0,43.0,29.0,585.0,0.0,12.0,417.0,1243.0,259.0,0.0,122.0,614.0,124.0,668.0,191.0,105.0,80.0,0.0,27.0,0.0,0.0,0.0,1414.0,487.0,30.0,686.0,29.0,774.0,423.0,19.0
盘锦,2023-06-01,42.0,770.0,255.0,108.0,0.0,9.0,9.0,418.0,0.0,33.0,375.0,903.0,300.0,0.0,56.0,435.0,211.0,638.0,104.0,33.0,97.0,0.0,37.0,0.0,0.0,0.0,1084.0,507.0,20.0,569.0,31.0,542.0,397.0,72.0
盘锦,2023-07-01,57.0,591.0,306.0,182.0,0.0,27.0,48.0,565.0,0.0,0.0,442.0,1141.0,193.0,0.0,87.0,564.0,136.0,689.0,180.0,39.0,41.0,0.0,40.0,0.0,0.0,0.0,1248.0,498.0,30.0,713.0,35.0,589.0,423.0,16.0
盘锦,2023-08-01,65.0,663.0,246.0,50.0,0.0,43.0,54.0,346.0,0.0,0.0,155.0,905.0,407.0,0.0,140.0,396.0,137.0,606.0,38.0,51.0,79.0,0.0,20.0,0.0,0.0,0.0,938.0,491.0,38.0,543.0,1.0,466.0,432.0,25.0
盘锦,2023-09-01,71.0,611.0,349.0,61.0,0.0,66.0,11.0,405.0,0.0,0.0,232.0,1094.0,248.0,0.0,136.0,375.0,87.0,762.0,63.0,61.0,68.0,0.0,22.0,0.0,0.0,0.0,1218.0,349.0,7.0,550.0,16.0,683.0,319.0,6.0
盘锦,2023-10-01,71.0,648.0,275.0,96.0,0.0,64.0,36.0,570.0,0.0,11.0,305.0,1187.0,257.0,0.0,172.0,503.0,152.0,662.0,126.0,90.0,51.0,0.0,4.0,0.0,0.0,0.0,1350.0,391.0,19.0,722.0,22.0,671.0,305.0,40.0
盘锦,2023-11-01,57.0,584.0,215.0,97.0,0.0,23.0,20.0,502.0,0.0,0.0,278.0,912.0,308.0,0.0,48.0,506.0,153.0,558.0,106.0,31.0,59.0,0.0,37.0,0.0,0.0,0.0,1109.0,379.0,10.0,580.0,3.0,552.0,360.0,3.0
盘锦,2023-12-01,46.0,727.0,295.0,86.0,0.0,46.0,11.0,384.0,0.0,0.0,382.0,978.0,235.0,0.0,108.0,338.0,199.0,719.0,105.0,53.0,69.0,0.0,4.0,0.0,0.0,0.0,1072.0,486.0,37.0,508.0,4.0,608.0,440.0,35.0
盘锦,2024-01-01,47.0,591.0,379.0,123.0,0.0,49.0,46.0,384.0,0.0,12.0,245.0,989.0,373.0,0.0,146.0,391.0,137.0,669.0,147.0,71.0,32.0,0.0,26.0,0.0,0.0,0.0,1137.0,481.0,1.0,536.0,16.0,611.0,415.0,41.0
盘锦,2024-02-01,83.0,864.0,338.0,75.0,0.0,37.0,46.0,630.0,0.0,0.0,161.0,1306.0,606.0,0.0,132.0,612.0,237.0,811.0,94.0,80.0,85.0,0.0,22.0,0.0,0.0,0.0,1508.0,526.0,39.0,853.0,35.0,718.0,447.0,20.0
盘锦,2024-03-01,32.0,616.0,156.0,87.0,0.0,29.0,32.0,454.0,0.0,13.0,171.0,819.0,403.0,0.0,119.0,460.0,185.0,433.0,83.0,75.0,23.0,0.0,28.0,0.0,0.0,0.0,963.0,439.0,4.0,489.0,15.0,503.0,371.0,28.0
盘锦,2024-04-01,57.0,646.0,232.0,164.0,0.0,26.0,39.0,515.0,0.0,0.0,381.0,1006.0,292.0,0.0,123.0,482.0,175.0,545.0,196.0,86.0,39.0,0.0,33.0,0.0,0.0,0.0,1121.0,542.0,16.0,650.0,20.0,524.0,446.0,39.0
盘锦,2024-05-01,64.0,730.0,272.0,136.0,0.0,20.0,6.0,508.0,0.0,14.0,380.0,1087.0,255.0,0.0,44.0,543.0,176.0,684.0,132.0,71.0,53.0,0.0,33.0,0.0,0.0,0.0,1263.0,472.0,1.0,713.0,35.0,552.0,419.0,17.0
盘锦,2024-06-01,66.0,693.0,326.0,138.0,0.0,52.0,48.0,508.0,0.0,24.0,520.0,1038.0,249.0,0.0,127.0,512.0,257.0,615.0,175.0,46.0,61.0,0.0,38.0,0.0,0.0,0.0,1240.0,577.0,14.0,721.0,6.0,567.0,498.0,39.0
盘锦,2024-07-01,87.0,644.0,271.0,80.0,0.0,38.0,44.0,437.0,0.0,0.0,411.0,963.0,227.0,0.0,138.0,387.0,221.0,591.0,112.0,70.0,69.0,0.0,13.0,0.0,0.0,0.0,1178.0,400.0,23.0,753.0,36.0,473.0,307.0,32.0
盘锦,2024-08-01,59.0,634.0,414.0,92.0,0.0,39.0,30.0,500.0,0.0,38.0,183.0,1162.0,385.0,0.0,93.0,493.0,155.0,762.0,130.0,43.0,65.0,0.0,27.0,0.0,0.0,0.0,1308.0,439.0,21.0,554.0,35.0,778.0,351.0,50.0
盘锦,2024-09-01,63.0,731.0,214.0,112.0,0.0,46.0,24.0,473.0,0.0,62.0,321.0,1014.0,266.0,0.0,108.0,452.0,186.0,643.0,114.0,59.0,61.0,0.0,40.0,0.0,0.0,0.0,1118.0,519.0,26.0,588.0,30.0,578.0,386.0,81.0
营口,2022-06-01,155.0,1194.0,301.0,123.0,0.0,39.0,135.0,969.0,0.0,0.0,615.0,1651.0,650.0,0.0,254.0,1205.0,442.0,565.0,171.0,46.0,121.0,32.0,80.0,0.0,0.0,0.0,1984.0,853.0,79.0,1231.0,145.0,983.0,557.0,0.0
营口,2022-07-01,114.0,706.0,188.0,84.0,0.0,32.0,34.0,486.0,0.0,0.0,276.0,906.0,462.0,0.0,132.0,614.0,239.0,300.0,108.0,49.0,94.0,50.0,58.0,0.0,0.0,0.0,1146.0,442.0,56.0,707.0,86.0,547.0,304.0,0.0
营口,2022-08-01,162.0,1360.0,324.0,100.0,0.0,31.0,140.0,897.0,0.0,0.0,483.0,1749.0,782.0,0.0,286.0,1109.0,502.0,560.0,220.0,88.0,109.0,66.0,74.0,0.0,0.0,0.0,2004.0,937.0,73.0,1155.0,143.0,1075.0,641.0,0.0
营口,2022-09-01,258.0,970.0,317.0,112.0,0.0,46.0,77.0,734.0,0.0,0.0,732.0,1464.0,318.0,0.0,155.0,873.0,439.0,360.0,303.0,78.0,111.0,57.0,138.0,0.0,0.0,0.0,1708.0,681.0,125.0,1027.0,206.0,894.0,387.0,0.0
营口,2022-10-01,256.0,1220.0,189.0,100.0,0.0,40.0,128.0,810.0,0.0,0.0,926.0,1519.0,298.0,0.0,257.0,957.0,461.0,553.0,178.0,97.0,64.0,101.0,75.0,0.0,0.0,0.0,1744.0,928.0,71.0,1136.0,209.0,834.0,564.0,0.0
营口,2022-11-01,124.0,1400.0,263.0,88.0,0.0,46.0,44.0,643.0,0.0,0.0,437.0,1312.0,859.0,0.0,157.0,832.0,578.0,576.0,155.0,44.0,94.0,72.0,100.0,0.0,0.0,0.0,1702.0,851.0,55.0,1154.0,139.0,664.0,651.0,0.0
营口,2022-12-01,204.0,1202.0,334.0,141.0,0.0,37.0,107.0,673.0,0.0,0.0,671.0,1299.0,728.0,0.0,227.0,1020.0,431.0,457.0,200.0,76.0,113.0,34.0,140.0,0.0,0.0,0.0,1688.0,903.0,107.0,1208.0,151.0,731.0,608.0,0.0
营口,2023-01-01,138.0,1058.0,225.0,77.0,0.0,33.0,77.0,902.0,0.0,0.0,519.0,1473.0,518.0,0.0,135.0,996.0,429.0,467.0,201.0,71.0,62.0,51.0,98.0,0.0,0.0,0.0,1896.0,527.0,87.0,1249.0,146.0,824.0,291.0,0.0
营口,2023-02-01,125.0,1198.0,233.0,112.0,0.0,25.0,75.0,810.0,0.0,0.0,589.0,1428.0,561.0,0.0,159.0,1028.0,419.0,487.0,175.0,55.0,57.0,88.0,110.0,0.0,0.0,0.0,1802.0,706.0,70.0,1025.0,152.0,925.0,476.0,0.0
营口,2023-03-01,204.0,1175.0,291.0,121.0,0.0,43.0,65.0,855.0,0.0,0.0,631.0,1433.0,690.0,0.0,161.0,1091.0,490.0,498.0,233.0,68.0,108.0,38.0,67.0,0.0,0.0,0.0,1724.0,943.0,87.0,1034.0,187.0,867.0,666.0,0.0
营口,2023-04-01,184.0,1021.0,377.0,96.0,0.0,45.0,100.0,801.0,0.0,0.0,653.0,1430.0,541.0,0.0,211.0,937.0,421.0,530.0,213.0,69.0,134.0,40.0,69.0,0.0,0.0,0.0,1798.0,737.0,89.0,1058.0,172.0,932.0,462.0,0.0
营口,2023-05-01,256.0,1045.0,258.0,28.0,0.0,51.0,59.0,635.0,0.0,0.0,706.0,1083.0,543.0,0.0,144.0,924.0,435.0,345.0,249.0,54.0,85.0,41.0,55.0,0.0,0.0,0.0,1325.0,922.0,85.0,881.0,233.0,607.0,611.0,0.0
营口,2023-06-01,169.0,1098.0,296.0,117.0,0.0,51.0,107.0,559.0,0.0,0.0,761.0,1254.0,382.0,0.0,176.0,729.0,431.0,495.0,259.0,65.0,108.0,48.0,86.0,0.0,0.0,0.0,1608.0,669.0,120.0,1226.0,146.0,617.0,408.0,0.0
营口,2023-07-01,219.0,1222.0,377.0,78.0,0.0,35.0,88.0,562.0,0.0,0.0,534.0,1294.0,753.0,0.0,195.0,826.0,457.0,505.0,270.0,103.0,104.0,77.0,44.0,0.0,0.0,0.0,1597.0,907.0,77.0,1128.0,212.0,673.0,568.0,0.0
营口,2023-08-01,171.0,1238.0,305.0,106.0,0.0,22.0,46.0,692.0,0.0,0.0,567.0,1474.0,539.0,0.0,119.0,978.0,540.0,469.0,148.0,98.0,125.0,46.0,57.0,0.0,0.0,0.0,1733.0,765.0,82.0,867.0,94.0,1017.0,602.0,0.0
营口,2023-09-01,231.0,1142.0,440.0,135.0,0.0,55.0,114.0,692.0,0.0,0.0,912.0,1428.0,469.0,0.0,226.0,916.0,477.0,549.0,311.0,67.0,73.0,76.0,114.0,0.0,0.0,0.0,1795.0,927.0,87.0,1202.0,205.0,810.0,592.0,0.0
营口,2023-10-01,218.0,1120.0,268.0,78.0,0.0,15.0,42.0,708.0,0.0,0.0,679.0,1269.0,501.0,0.0,138.0,875.0,457.0,488.0,166.0,105.0,82.0,43.0,95.0,0.0,0.0,0.0,1635.0,751.0,63.0,941.0,179.0,838.0,491.0,0.0
营口,2023-11-01,241.0,1020.0,308.0,101.0,0.0,38.0,68.0,882.0,0.0,0.0,801.0,1471.0,386.0,0.0,194.0,1041.0,439.0,449.0,247.0,66.0,72.0,81.0,69.0,0.0,0.0,0.0,1794.0,803.0,61.0,1040.0,184.0,920.0,514.0,0.0
营口,2023-12-01,177.0,1346.0,385.0,137.0,0.0,32.0,114.0,518.0,0.0,0.0,836.0,1424.0,449.0,0.0,192.0,788.0,533.0,602.0,223.0,81.0,95.0,79.0,116.0,0.0,0.0,0.0,1729.0,852.0,128.0,1157.0,194.0,821.0,537.0,0.0
营口,2024-01-01,214.0,1320.0,405.0,150.0,0.0,18.0,114.0,546.0,0.0,0.0,798.0,1429.0,540.0,0.0,197.0,909.0,465.0,591.0,311.0,78.0,89.0,55.0,72.0,0.0,0.0,0.0,1749.0,954.0,64.0,1261.0,211.0,675.0,620.0,0.0
营口,2024-02-01,139.0,866.0,216.0,105.0,0.0,31.0,99.0,827.0,0.0,0.0,451.0,1164.0,668.0,0.0,194.0,927.0,415.0,313.0,175.0,46.0,100.0,41.0,72.0,0.0,0.0,0.0,1445.0,731.0,107.0,890.0,172.0,768.0,453.0,0.0
营口,2024-03-01,214.0,1249.0,269.0,133.0,0.0,48.0,38.0,646.0,0.0,11.0,540.0,1451.0,595.0,0.0,110.0,857.0,475.0,561.0,254.0,80.0,121.0,60.0,79.0,0.0,0.0,0.0,1791.0,733.0,73.0,996.0,197.0,922.0,471.0,11.0
营口,2024-04-01,208.0,1209.0,315.0,103.0,0.0,51.0,149.0,1007.0,0.0,40.0,740.0,1614.0,648.0,0.0,300.0,1191.0,433.0,486.0,230.0,90.0,132.0,93.0,87.0,0.0,0.0,0.0,1950.0,986.0,106.0,1201.0,142.0,1037.0,622.0,40.0
营口,2024-05-01,229.0,1139.0,262.0,60.0,0.0,23.0,41.0,924.0,0.0,0.0,711.0,1457.0,510.0,0.0,160.0,1170.0,463.0,402.0,241.0,34.0,59.0,83.0,66.0,0.0,0.0,0.0,1752.0,854.0,72.0,951.0,224.0,924.0,579.0,0.0
营口,2024-06-01,247.0,1166.0,271.0,105.0,0.0,37.0,68.0,615.0,0.0,0.0,401.0,1199.0,909.0,0.0,167.0,856.0,463.0,505.0,211.0,84.0,110.0,54.0,59.0,0.0,0.0,0.0,1596.0,817.0,96.0,1160.0,171.0,634.0,544.0,0.0
营口,2024-07-01,195.0,1205.0,406.0,88.0,0.0,67.0,139.0,525.0,0.0,0.0,616.0,1407.0,602.0,0.0,247.0,734.0,438.0,597.0,256.0,84.0,97.0,92.0,80.0,0.0,0.0,0.0,1727.0,807.0,91.0,1151.0,190.0,832.0,452.0,0.0
营口,2024-08-01,164.0,1274.0,174.0,117.0,0.0,29.0,84.0,690.0,0.0,26.0,572.0,1193.0,741.0,0.0,247.0,947.0,536.0,365.0,136.0,73.0,86.0,29.0,113.0,0.0,0.0,0.0,1549.0,897.0,86.0,1081.0,154.0,674.0,597.0,26.0
营口,2024-09-01,145.0,1081.0,427.0,134.0,0.0,42.0,101.0,572.0,0.0,52.0,675.0,1393.0,382.0,0.0,205.0,711.0,493.0,527.0,230.0,48.0,104.0,95.0,89.0,0.0,0.0,0.0,1721.0,759.0,22.0,1159.0,97.0,708.0,486.0,52.0
葫芦岛,2022-06-01,124.0,414.0,53.0,34.0,0.0,0.0,129.0,244.0,0.0,0.0,326.0,402.0,270.0,0.0,244.0,333.0,57.0,240.0,37.0,0.0,35.0,18.0,34.0,0.0,0.0,0.0,622.0,365.0,11.0,727.0,7.0,148.0,116.0,0.0
葫芦岛,2022-07-01,66.0,284.0,67.0,16.0,0.0,0.0,62.0,202.0,0.0,0.0,134.0,334.0,229.0,0.0,128.0,264.0,62.0,143.0,47.0,0.0,25.0,12.0,16.0,0.0,0.0,0.0,440.0,246.0,11.0,462.0,16.0,104.0,115.0,0.0
葫芦岛,2022-08-01,92.0,536.0,24.0,35.0,0.0,0.0,86.0,315.0,0.0,0.0,195.0,452.0,441.0,0.0,192.0,462.0,90.0,248.0,38.0,0.0,12.0,11.0,35.0,0.0,0.0,0.0,618.0,463.0,7.0,705.0,38.0,91.0,254.0,0.0
葫芦岛,2022-09-01,160.0,453.0,110.0,8.0,0.0,0.0,94.0,178.0,0.0,0.0,324.0,487.0,192.0,0.0,267.0,264.0,44.0,282.0,69.0,0.0,29.0,40.0,8.0,0.0,0.0,0.0,523.0,459.0,21.0,650.0,36.0,123.0,194.0,0.0
葫芦岛,2022-10-01,49.0,363.0,54.0,18.0,0.0,0.0,52.0,188.0,0.0,0.0,306.0,317.0,101.0,0.0,100.0,282.0,68.0,191.0,34.0,0.0,14.0,17.0,18.0,0.0,0.0,0.0,463.0,254.0,7.0,471.0,12.0,94.0,147.0,0.0
葫芦岛,2022-11-01,134.0,464.0,67.0,2.0,0.0,0.0,129.0,221.0,0.0,0.0,322.0,413.0,282.0,0.0,265.0,368.0,81.0,210.0,24.0,0.0,49.0,18.0,2.0,0.0,0.0,0.0,474.0,508.0,35.0,636.0,17.0,123.0,241.0,0.0
葫芦岛,2022-12-01,163.0,336.0,73.0,18.0,0.0,0.0,146.0,287.0,0.0,0.0,70.0,384.0,569.0,0.0,335.0,411.0,29.0,138.0,44.0,0.0,18.0,30.0,18.0,0.0,0.0,0.0,489.0,526.0,8.0,689.0,5.0,111.0,218.0,0.0
葫芦岛,2023-01-01,190.0,370.0,79.0,23.0,0.0,0.0,72.0,318.0,0.0,0.0,315.0,455.0,282.0,0.0,260.0,386.0,28.0,219.0,44.0,0.0,54.0,38.0,23.0,0.0,0.0,0.0,624.0,407.0,21.0,749.0,26.0,138.0,139.0,0.0
葫芦岛,2023-02-01,59.0,499.0,53.0,15.0,0.0,0.0,94.0,328.0,0.0,0.0,213.0,483.0,352.0,0.0,189.0,437.0,84.0,262.0,17.0,0.0,19.0,25.0,15.0,0.0,0.0,0.0,588.0,448.0,12.0,621.0,37.0,131.0,259.0,0.0
葫芦岛,2023-03-01,165.0,439.0,70.0,31.0,0.0,0.0,150.0,233.0,0.0,0.0,85.0,480.0,523.0,0.0,316.0,352.0,69.0,227.0,51.0,0.0,27.0,15.0,31.0,0.0,0.0,0.0,552.0,519.0,17.0,703.0,2.0,165.0,218.0,0.0
葫芦岛,2023-04-01,92.0,427.0,54.0,26.0,0.0,0.0,53.0,248.0,0.0,0.0,79.0,475.0,346.0,0.0,129.0,381.0,22.0,217.0,56.0,0.0,51.0,18.0,26.0,0.0,0.0,0.0,555.0,317.0,28.0,563.0,6.0,118.0,213.0,0.0
葫芦岛,2023-05-01,181.0,423.0,59.0,4.0,0.0,0.0,81.0,201.0,0.0,0.0,82.0,447.0,420.0,0.0,265.0,251.0,88.0,238.0,44.0,0.0,57.0,2.0,4.0,0.0,0.0,0.0,490.0,425.0,34.0,665.0,4.0,90.0,190.0,0.0
葫芦岛,2023-06-01,152.0,521.0,102.0,16.0,0.0,0.0,150.0,220.0,0.0,0.0,464.0,522.0,175.0,0.0,326.0,387.0,57.0,267.0,73.0,0.0,3.0,32.0,16.0,0.0,0.0,0.0,620.0,540.0,1.0,804.0,14.0,139.0,204.0,0.0
葫芦岛,2023-07-01,154.0,472.0,88.0,33.0,0.0,0.0,150.0,238.0,0.0,0.0,257.0,451.0,427.0,0.0,304.0,429.0,75.0,176.0,54.0,0.0,42.0,22.0,33.0,0.0,0.0,0.0,523.0,589.0,23.0,683.0,20.0,140.0,292.0,0.0
葫芦岛,2023-08-01,149.0,376.0,55.0,38.0,0.0,0.0,116.0,185.0,0.0,0.0,362.0,468.0,89.0,0.0,238.0,273.0,65.0,221.0,21.0,0.0,49.0,14.0,38.0,0.0,0.0,0.0,465.0,416.0,38.0,570.0,16.0,157.0,176.0,0.0
葫芦岛,2023-09-01,69.0,335.0,46.0,24.0,0.0,0.0,128.0,241.0,0.0,0.0,151.0,342.0,350.0,0.0,235.0,320.0,48.0,147.0,26.0,0.0,27.0,16.0,24.0,0.0,0.0,0.0,436.0,404.0,3.0,539.0,17.0,96.0,191.0,0.0
葫芦岛,2023-10-01,78.0,482.0,68.0,15.0,0.0,0.0,59.0,237.0,0.0,0.0,475.0,389.0,75.0,0.0,164.0,411.0,81.0,173.0,70.0,0.0,21.0,4.0,15.0,0.0,0.0,0.0,499.0,429.0,11.0,557.0,18.0,96.0,268.0,0.0
葫芦岛,2023-11-01,109.0,367.0,102.0,3.0,0.0,0.0,61.0,322.0,0.0,0.0,362.0,444.0,158.0,0.0,196.0,394.0,49.0,247.0,55.0,0.0,13.0,7.0,3.0,0.0,0.0,0.0,588.0,373.0,3.0,692.0,22.0,60.0,190.0,0.0
葫芦岛,2023-12-01,124.0,556.0,88.0,36.0,0.0,0.0,128.0,226.0,0.0,0.0,260.0,494.0,404.0,0.0,236.0,400.0,93.0,252.0,53.0,0.0,55.0,33.0,36.0,0.0,0.0,0.0,615.0,519.0,24.0,709.0,29.0,157.0,263.0,0.0
葫芦岛,2024-01-01,83.0,346.0,52.0,1.0,0.0,0.0,120.0,215.0,0.0,0.0,159.0,441.0,217.0,0.0,205.0,242.0,68.0,242.0,25.0,0.0,32.0,2.0,1.0,0.0,0.0,0.0,467.0,319.0,31.0,547.0,32.0,126.0,112.0,0.0
葫芦岛,2024-02-01,175.0,405.0,84.0,23.0,0.0,0.0,34.0,181.0,0.0,0.0,335.0,433.0,134.0,0.0,217.0,266.0,94.0,221.0,23.0,0.0,46.0,12.0,23.0,0.0,0.0,0.0,467.0,415.0,20.0,557.0,18.0,111.0,216.0,0.0
葫芦岛,2024-03-01,95.0,408.0,62.0,24.0,0.0,0.0,112.0,256.0,0.0,0.0,277.0,429.0,251.0,0.0,196.0,357.0,76.0,178.0,42.0,0.0,44.0,40.0,24.0,0.0,0.0,0.0,562.0,369.0,26.0,603.0,26.0,176.0,152.0,0.0
葫芦岛,2024-04-01,76.0,387.0,93.0,35.0,0.0,0.0,102.0,251.0,0.0,0.0,281.0,445.0,218.0,0.0,211.0,287.0,98.0,191.0,53.0,0.0,38.0,31.0,35.0,0.0,0.0,0.0,573.0,350.0,21.0,595.0,32.0,170.0,147.0,0.0
葫芦岛,2024-05-01,145.0,408.0,76.0,31.0,0.0,0.0,145.0,276.0,0.0,0.0,343.0,423.0,315.0,0.0,248.0,444.0,52.0,181.0,44.0,0.0,70.0,11.0,31.0,0.0,0.0,0.0,550.0,493.0,38.0,708.0,20.0,127.0,226.0,0.0
葫芦岛,2024-06-01,186.0,365.0,33.0,16.0,0.0,0.0,41.0,228.0,0.0,0.0,251.0,375.0,243.0,0.0,216.0,317.0,52.0,167.0,33.0,0.0,52.0,16.0,16.0,0.0,0.0,0.0,442.0,402.0,25.0,520.0,27.0,135.0,187.0,0.0
葫芦岛,2024-07-01,95.0,489.0,63.0,24.0,0.0,0.0,128.0,189.0,0.0,0.0,266.0,413.0,309.0,0.0,251.0,351.0,81.0,164.0,66.0,0.0,19.0,32.0,24.0,0.0,0.0,0.0,485.0,489.0,14.0,603.0,18.0,125.0,242.0,0.0
葫芦岛,2024-08-01,142.0,520.0,59.0,22.0,0.0,0.0,38.0,219.0,0.0,0.0,427.0,488.0,85.0,0.0,198.0,350.0,53.0,269.0,29.0,0.0,41.0,38.0,22.0,0.0,0.0,0.0,546.0,429.0,25.0,598.0,30.0,136.0,236.0,0.0
葫芦岛,2024-09-01,86.0,400.0,57.0,13.0,0.0,0.0,68.0,287.0,0.0,26.0,343.0,355.0,187.0,0.0,154.0,422.0,53.0,190.0,35.0,0.0,22.0,22.0,13.0,0.0,0.0,0.0,519.0,388.0,4.0,572.0,37.0,102.0,188.0,12.0
辽阳,2022-06-01,54.0,294.0,120.0,26.0,0.0,19.0,97.0,373.0,0.0,0.0,165.0,605.0,213.0,0.0,138.0,434.0,128.0,224.0,0.0,33.0,0.0,0.0,26.0,0.0,0.0,0.0,765.0,218.0,0.0,644.0,6.0,238.0,95.0,0.0
辽阳,2022-07-01,41.0,269.0,68.0,14.0,0.0,12.0,64.0,183.0,0.0,0.0,118.0,409.0,124.0,0.0,101.0,247.0,94.0,167.0,0.0,28.0,0.0,0.0,14.0,0.0,0.0,0.0,470.0,181.0,0.0,391.0,16.0,140.0,104.0,0.0
辽阳,2022-08-01,74.0,412.0,134.0,31.0,0.0,8.0,65.0,311.0,0.0,0.0,125.0,714.0,196.0,0.0,93.0,431.0,141.0,283.0,0.0,56.0,0.0,0.0,31.0,0.0,0.0,0.0,794.0,241.0,0.0,535.0,8.0,307.0,185.0,0.0
辽阳,2022-09-01,94.0,375.0,109.0,16.0,0.0,10.0,61.0,324.0,0.0,0.0,87.0,587.0,315.0,0.0,128.0,434.0,113.0,237.0,0.0,61.0,0.0,0.0,16.0,0.0,0.0,0.0,741.0,248.0,0.0,552.0,19.0,255.0,163.0,0.0
辽阳,2022-10-01,105.0,536.0,175.0,26.0,0.0,22.0,105.0,171.0,0.0,0.0,259.0,711.0,170.0,0.0,180.0,316.0,144.0,400.0,0.0,74.0,0.0,0.0,26.0,0.0,0.0,0.0,779.0,361.0,0.0,665.0,5.0,218.0,252.0,0.0
辽阳,2022-11-01,62.0,540.0,156.0,24.0,0.0,24.0,67.0,267.0,0.0,0.0,206.0,667.0,267.0,0.0,141.0,468.0,148.0,326.0,0.0,33.0,0.0,0.0,24.0,0.0,0.0,0.0,769.0,371.0,0.0,610.0,19.0,227.0,284.0,0.0
辽阳,2022-12-01,28.0,438.0,214.0,36.0,0.0,27.0,111.0,314.0,0.0,0.0,50.0,776.0,342.0,0.0,178.0,401.0,130.0,398.0,0.0,25.0,0.0,0.0,36.0,0.0,0.0,0.0,909.0,259.0,0.0,746.0,14.0,261.0,147.0,0.0
辽阳,2023-01-01,64.0,416.0,177.0,21.0,0.0,38.0,88.0,346.0,0.0,0.0,136.0,829.0,185.0,0.0,170.0,401.0,158.0,353.0,0.0,47.0,0.0,0.0,21.0,0.0,0.0,0.0,921.0,229.0,0.0,694.0,13.0,302.0,141.0,0.0
辽阳,2023-02-01,53.0,399.0,96.0,22.0,0.0,6.0,122.0,349.0,0.0,0.0,38.0,617.0,392.0,0.0,149.0,482.0,120.0,234.0,0.0,40.0,0.0,0.0,22.0,0.0,0.0,0.0,764.0,283.0,0.0,606.0,29.0,276.0,136.0,0.0
辽阳,2023-03-01,52.0,441.0,163.0,27.0,0.0,32.0,140.0,163.0,0.0,0.0,70.0,585.0,363.0,0.0,210.0,323.0,123.0,304.0,0.0,31.0,0.0,0.0,27.0,0.0,0.0,0.0,666.0,352.0,0.0,596.0,5.0,229.0,188.0,0.0
辽阳,2023-04-01,44.0,426.0,110.0,19.0,0.0,38.0,122.0,330.0,0.0,0.0,266.0,687.0,136.0,0.0,175.0,427.0,175.0,251.0,0.0,42.0,0.0,0.0,19.0,0.0,0.0,0.0,817.0,272.0,0.0,582.0,10.0,329.0,168.0,0.0
辽阳,2023-05-01,43.0,505.0,126.0,27.0,0.0,25.0,150.0,309.0,0.0,0.0,131.0,628.0,426.0,0.0,208.0,506.0,125.0,287.0,0.0,32.0,0.0,0.0,27.0,0.0,0.0,0.0,791.0,394.0,0.0,697.0,6.0,231.0,251.0,0.0
辽阳,2023-06-01,57.0,337.0,77.0,39.0,0.0,24.0,160.0,322.0,0.0,0.0,414.0,491.0,111.0,0.0,245.0,433.0,128.0,151.0,0.0,20.0,0.0,0.0,39.0,0.0,0.0,0.0,640.0,376.0,0.0,592.0,5.0,235.0,184.0,0.0
辽阳,2023-07-01,33.0,389.0,173.0,33.0,0.0,9.0,85.0,277.0,0.0,0.0,179.0,624.0,196.0,0.0,115.0,450.0,108.0,275.0,0.0,18.0,0.0,0.0,33.0,0.0,0.0,0.0,721.0,278.0,0.0,516.0,3.0,294.0,186.0,0.0
辽阳,2023-08-01,63.0,515.0,99.0,31.0,0.0,29.0,110.0,347.0,0.0,0.0,277.0,765.0,152.0,0.0,177.0,467.0,145.0,327.0,0.0,47.0,0.0,0.0,31.0,0.0,0.0,0.0,876.0,318.0,0.0,634.0,40.0,354.0,166.0,0.0
辽阳,2023-09-01,52.0,433.0,140.0,25.0,0.0,10.0,38.0,204.0,0.0,0.0,135.0,615.0,152.0,0.0,84.0,304.0,147.0,292.0,0.0,50.0,0.0,0.0,25.0,0.0,0.0,0.0,704.0,198.0,0.0,526.0,14.0,216.0,146.0,0.0
辽阳,2023-10-01,87.0,458.0,199.0,37.0,0.0,18.0,140.0,357.0,0.0,0.0,119.0,819.0,358.0,0.0,223.0,462.0,130.0,395.0,0.0,49.0,0.0,0.0,37.0,0.0,0.0,0.0,933.0,363.0,0.0,837.0,16.0,234.0,209.0,0.0
辽阳,2023-11-01,84.0,619.0,72.0,10.0,0.0,38.0,111.0,297.0,0.0,0.0,301.0,699.0,231.0,0.0,182.0,502.0,160.0,311.0,0.0,66.0,0.0,0.0,10.0,0.0,0.0,0.0,818.0,413.0,0.0,650.0,34.0,292.0,255.0,0.0
辽阳,2023-12-01,52.0,398.0,96.0,11.0,0.0,22.0,133.0,319.0,0.0,0.0,140.0,574.0,317.0,0.0,190.0,412.0,131.0,248.0,0.0,39.0,0.0,0.0,11.0,0.0,0.0,0.0,703.0,328.0,0.0,608.0,29.0,213.0,181.0,0.0
辽阳,2024-01-01,40.0,447.0,134.0,1.0,0.0,17.0,113.0,322.0,0.0,0.0,360.0,604.0,110.0,0.0,159.0,458.0,132.0,304.0,0.0,20.0,0.0,0.0,1.0,0.0,0.0,0.0,707.0,367.0,0.0,626.0,26.0,188.0,234.0,0.0
辽阳,2024-02-01,67.0,445.0,146.0,5.0,0.0,32.0,72.0,298.0,0.0,0.0,146.0,639.0,280.0,0.0,148.0,451.0,145.0,278.0,0.0,38.0,0.0,0.0,5.0,0.0,0.0,0.0,749.0,316.0,0.0,641.0,18.0,193.0,213.0,0.0
辽阳,2024-03-01,28.0,515.0,74.0,3.0,0.0,32.0,86.0,281.0,0.0,0.0,269.0,627.0,123.0,0.0,148.0,418.0,147.0,276.0,0.0,27.0,0.0,0.0,3.0,0.0,0.0,0.0,692.0,327.0,0.0,471.0,8.0,268.0,272.0,0.0
辽阳,2024-04-01,73.0,505.0,174.0,33.0,0.0,18.0,54.0,220.0,0.0,0.0,138.0,676.0,263.0,0.0,139.0,349.0,146.0,368.0,0.0,42.0,0.0,0.0,33.0,0.0,0.0,0.0,791.0,286.0,0.0,618.0,9.0,234.0,216.0,0.0
辽阳,2024-05-01,45.0,416.0,138.0,5.0,0.0,16.0,146.0,379.0,0.0,0.0,176.0,685.0,284.0,0.0,207.0,490.0,77.0,349.0,0.0,17.0,0.0,0.0,5.0,0.0,0.0,0.0,832.0,313.0,0.0,722.0,1.0,273.0,149.0,0.0
辽阳,2024-06-01,81.0,484.0,86.0,12.0,0.0,8.0,112.0,321.0,0.0,25.0,213.0,633.0,233.0,0.0,151.0,431.0,162.0,282.0,14.0,52.0,0.0,0.0,12.0,0.0,0.0,0.0,764.0,340.0,0.0,642.0,40.0,226.0,185.0,11.0
辽阳,2024-07-01,72.0,407.0,136.0,3.0,0.0,13.0,82.0,217.0,0.0,0.0,185.0,594.0,151.0,0.0,158.0,277.0,114.0,333.0,0.0,45.0,0.0,0.0,3.0,0.0,0.0,0.0,637.0,293.0,0.0,509.0,39.0,218.0,164.0,0.0
辽阳,2024-08-01,79.0,534.0,96.0,3.0,0.0,8.0,132.0,310.0,0.0,13.0,437.0,630.0,82.0,0.0,189.0,506.0,111.0,302.0,0.0,51.0,0.0,0.0,3.0,0.0,0.0,0.0,755.0,407.0,0.0,699.0,11.0,205.0,234.0,13.0
辽阳,2024-09-01,76.0,489.0,151.0,11.0,0.0,31.0,57.0,323.0,0.0,14.0,336.0,683.0,105.0,0.0,144.0,435.0,108.0,391.0,0.0,49.0,0.0,0.0,11.0,0.0,0.0,0.0,864.0,274.0,0.0,659.0,37.0,277.0,151.0,14.0
铁岭,2022-06-01,12.0,495.0,29.0,39.0,0.0,5.0,0.0,524.0,0.0,0.0,320.0,654.0,130.0,0.0,134.0,652.0,47.0,195.0,41.0,0.0,18.0,0.0,17.0,0.0,0.0,0.0,777.0,327.0,0.0,643.0,0.0,146.0,315.0,0.0
铁岭,2022-07-01,13.0,322.0,61.0,22.0,0.0,11.0,0.0,504.0,0.0,0.0,214.0,568.0,151.0,0.0,196.0,457.0,84.0,143.0,31.0,0.0,11.0,0.0,11.0,0.0,0.0,0.0,729.0,204.0,0.0,583.0,0.0,159.0,191.0,0.0
铁岭,2022-08-01,32.0,410.0,68.0,33.0,0.0,4.0,0.0,665.0,0.0,0.0,182.0,792.0,238.0,0.0,207.0,610.0,101.0,193.0,54.0,0.0,38.0,0.0,9.0,0.0,0.0,0.0,934.0,278.0,0.0,862.0,0.0,104.0,246.0,0.0
铁岭,2022-09-01,24.0,567.0,27.0,38.0,0.0,20.0,0.0,756.0,0.0,0.0,291.0,916.0,225.0,0.0,175.0,834.0,83.0,248.0,44.0,0.0,40.0,0.0,8.0,0.0,0.0,0.0,1108.0,324.0,0.0,973.0,0.0,159.0,300.0,0.0
铁岭,2022-10-01,18.0,546.0,65.0,46.0,0.0,18.0,0.0,1013.0,0.0,0.0,184.0,1197.0,325.0,0.0,174.0,1030.0,161.0,267.0,24.0,0.0,23.0,0.0,27.0,0.0,0.0,0.0,1428.0,278.0,0.0,1233.0,0.0,213.0,260.0,0.0
铁岭,2022-11-01,18.0,471.0,90.0,75.0,0.0,39.0,0.0,824.0,0.0,0.0,180.0,992.0,345.0,0.0,247.0,873.0,105.0,150.0,62.0,0.0,40.0,0.0,40.0,0.0,0.0,0.0,1150.0,367.0,0.0,951.0,0.0,217.0,349.0,0.0
铁岭,2022-12-01,15.0,430.0,86.0,30.0,0.0,29.0,0.0,823.0,0.0,12.0,205.0,843.0,353.0,0.0,239.0,822.0,84.0,199.0,27.0,0.0,17.0,12.0,13.0,0.0,0.0,0.0,1084.0,329.0,0.0,863.0,0.0,236.0,302.0,12.0
铁岭,2023-01-01,4.0,503.0,67.0,59.0,0.0,5.0,0.0,609.0,0.0,0.0,320.0,724.0,203.0,0.0,202.0,575.0,151.0,207.0,56.0,0.0,26.0,0.0,30.0,0.0,0.0,0.0,967.0,280.0,0.0,812.0,0.0,159.0,276.0,0.0
铁岭,2023-02-01,4.0,565.0,71.0,41.0,0.0,37.0,0.0,727.0,0.0,0.0,349.0,903.0,193.0,0.0,178.0,794.0,144.0,233.0,22.0,0.0,37.0,0.0,37.0,0.0,0.0,0.0,1150.0,295.0,0.0,952.0,0.0,202.0,291.0,0.0
铁岭,2023-03-01,18.0,582.0,103.0,24.0,0.0,1.0,0.0,915.0,0.0,0.0,233.0,1050.0,360.0,0.0,217.0,965.0,113.0,271.0,49.0,0.0,22.0,0.0,6.0,0.0,0.0,0.0,1299.0,344.0,0.0,1132.0,0.0,185.0,326.0,0.0
铁岭,2023-04-01,11.0,418.0,87.0,41.0,0.0,27.0,0.0,825.0,0.0,0.0,281.0,1002.0,126.0,0.0,245.0,737.0,105.0,238.0,46.0,0.0,5.0,0.0,33.0,0.0,0.0,0.0,1184.0,225.0,0.0,976.0,0.0,219.0,214.0,0.0
铁岭,2023-05-01,17.0,505.0,104.0,51.0,0.0,28.0,0.0,796.0,0.0,18.0,194.0,1146.0,143.0,0.0,237.0,759.0,126.0,252.0,47.0,0.0,24.0,18.0,38.0,0.0,0.0,0.0,1215.0,286.0,0.0,937.0,0.0,295.0,251.0,18.0
铁岭,2023-06-01,12.0,568.0,93.0,27.0,0.0,39.0,0.0,911.0,0.0,54.0,169.0,1051.0,376.0,0.0,283.0,909.0,127.0,224.0,42.0,0.0,22.0,42.0,1.0,0.0,0.0,0.0,1269.0,381.0,0.0,1126.0,0.0,155.0,315.0,54.0
铁岭,2023-07-01,29.0,480.0,71.0,42.0,0.0,26.0,0.0,944.0,0.0,65.0,228.0,1117.0,182.0,0.0,267.0,846.0,161.0,216.0,34.0,0.0,9.0,26.0,33.0,0.0,0.0,0.0,1318.0,274.0,0.0,1099.0,0.0,248.0,180.0,65.0
铁岭,2023-08-01,19.0,599.0,67.0,28.0,0.0,15.0,0.0,678.0,0.0,35.0,101.0,938.0,332.0,0.0,199.0,742.0,98.0,269.0,43.0,0.0,36.0,0.0,19.0,0.0,0.0,0.0,1047.0,359.0,0.0,893.0,0.0,173.0,305.0,35.0
铁岭,2023-09-01,5.0,558.0,71.0,58.0,0.0,4.0,0.0,686.0,0.0,73.0,225.0,784.0,300.0,0.0,236.0,675.0,143.0,221.0,44.0,0.0,7.0,31.0,25.0,0.0,0.0,0.0,900.0,482.0,0.0,736.0,0.0,169.0,404.0,73.0
铁岭,2023-10-01,9.0,511.0,79.0,14.0,0.0,6.0,0.0,934.0,0.0,25.0,139.0,960.0,429.0,0.0,258.0,900.0,97.0,249.0,17.0,0.0,18.0,11.0,3.0,0.0,0.0,0.0,1231.0,322.0,0.0,1108.0,0.0,132.0,288.0,25.0
铁岭,2023-11-01,20.0,523.0,38.0,58.0,0.0,36.0,0.0,979.0,0.0,0.0,429.0,1057.0,168.0,0.0,283.0,910.0,117.0,251.0,36.0,0.0,24.0,0.0,33.0,0.0,0.0,0.0,1343.0,311.0,0.0,1145.0,0.0,218.0,291.0,0.0
铁岭,2023-12-01,40.0,562.0,84.0,24.0,0.0,6.0,0.0,633.0,0.0,52.0,265.0,915.0,117.0,0.0,204.0,692.0,115.0,255.0,8.0,0.0,31.0,21.0,23.0,0.0,0.0,0.0,982.0,367.0,0.0,882.0,0.0,140.0,275.0,52.0
铁岭,2024-01-01,17.0,470.0,69.0,51.0,0.0,35.0,0.0,876.0,0.0,16.0,379.0,887.0,236.0,0.0,278.0,906.0,93.0,139.0,70.0,0.0,17.0,0.0,15.0,0.0,0.0,0.0,1091.0,427.0,0.0,950.0,0.0,158.0,394.0,16.0
铁岭,2024-02-01,30.0,566.0,51.0,78.0,0.0,33.0,0.0,803.0,0.0,0.0,254.0,982.0,325.0,0.0,315.0,788.0,142.0,205.0,48.0,0.0,25.0,0.0,38.0,0.0,0.0,0.0,1170.0,391.0,0.0,984.0,0.0,216.0,361.0,0.0
铁岭,2024-03-01,23.0,528.0,73.0,72.0,0.0,39.0,0.0,855.0,0.0,0.0,247.0,1003.0,340.0,0.0,205.0,983.0,46.0,252.0,42.0,0.0,23.0,0.0,39.0,0.0,0.0,0.0,1251.0,339.0,0.0,1045.0,0.0,229.0,316.0,0.0
铁岭,2024-04-01,31.0,444.0,76.0,39.0,0.0,14.0,0.0,887.0,0.0,0.0,404.0,884.0,203.0,0.0,316.0,835.0,92.0,168.0,47.0,0.0,15.0,0.0,18.0,0.0,0.0,0.0,1162.0,329.0,0.0,1038.0,0.0,155.0,298.0,0.0
铁岭,2024-05-01,38.0,508.0,47.0,28.0,0.0,11.0,0.0,821.0,0.0,0.0,114.0,976.0,363.0,0.0,245.0,827.0,94.0,227.0,51.0,0.0,5.0,0.0,4.0,0.0,0.0,0.0,1125.0,328.0,0.0,997.0,0.0,166.0,290.0,0.0
铁岭,2024-06-01,13.0,493.0,51.0,46.0,0.0,32.0,0.0,1078.0,0.0,0.0,288.0,1090.0,335.0,0.0,229.0,1121.0,109.0,178.0,35.0,0.0,24.0,0.0,17.0,0.0,0.0,0.0,1326.0,387.0,0.0,1168.0,0.0,171.0,374.0,0.0
铁岭,2024-07-01,24.0,619.0,52.0,25.0,0.0,34.0,0.0,1139.0,0.0,0.0,377.0,1242.0,274.0,0.0,320.0,1141.0,120.0,274.0,29.0,0.0,2.0,0.0,7.0,0.0,0.0,0.0,1497.0,396.0,0.0,1322.0,0.0,199.0,372.0,0.0
铁岭,2024-08-01,2.0,459.0,54.0,52.0,0.0,29.0,0.0,718.0,0.0,0.0,287.0,822.0,205.0,0.0,226.0,733.0,117.0,171.0,31.0,0.0,7.0,0.0,29.0,0.0,0.0,0.0,972.0,342.0,0.0,768.0,0.0,206.0,340.0,0.0
铁岭,2024-09-01,4.0,536.0,23.0,20.0,0.0,15.0,0.0,807.0,0.0,19.0,300.0,872.0,214.0,0.0,243.0,808.0,93.0,185.0,33.0,0.0,39.0,0.0,4.0,0.0,0.0,0.0,1046.0,359.0,0.0,943.0,0.0,107.0,336.0,19.0
锦州,2022-06-01,78.0,587.0,46.0,28.0,0.0,0.0,90.0,215.0,0.0,0.0,354.0,458.0,232.0,0.0,148.0,512.0,99.0,146.0,42.0,33.0,25.0,11.0,28.0,0.0,0.0,0.0,543.0,493.0,8.0,520.0,73.0,145.0,306.0,0.0
锦州,2022-07-01,74.0,412.0,67.0,11.0,0.0,0.0,48.0,235.0,0.0,0.0,191.0,453.0,203.0,0.0,120.0,313.0,95.0,185.0,41.0,20.0,42.0,20.0,11.0,0.0,0.0,0.0,589.0,245.0,13.0,511.0,26.0,163.0,147.0,0.0
锦州,2022-08-01,43.0,516.0,56.0,29.0,0.0,0.0,142.0,338.0,0.0,0.0,186.0,443.0,495.0,0.0,220.0,483.0,117.0,172.0,13.0,10.0,50.0,30.0,29.0,0.0,0.0,0.0,671.0,448.0,5.0,662.0,42.0,171.0,249.0,0.0
锦州,2022-09-01,109.0,538.0,81.0,17.0,0.0,0.0,45.0,263.0,0.0,0.0,219.0,554.0,280.0,0.0,83.0,416.0,92.0,283.0,37.0,34.0,68.0,23.0,17.0,0.0,0.0,0.0,709.0,307.0,37.0,615.0,29.0,192.0,217.0,0.0
锦州,2022-10-01,119.0,711.0,66.0,35.0,0.0,0.0,84.0,293.0,0.0,0.0,406.0,648.0,254.0,0.0,191.0,561.0,91.0,256.0,43.0,4.0,93.0,34.0,35.0,0.0,0.0,0.0,750.0,518.0,40.0,641.0,50.0,269.0,348.0,0.0
锦州,2022-11-01,84.0,493.0,54.0,5.0,0.0,0.0,87.0,275.0,0.0,0.0,103.0,472.0,423.0,0.0,127.0,480.0,133.0,128.0,4.0,34.0,56.0,31.0,5.0,0.0,0.0,0.0,594.0,403.0,1.0,514.0,25.0,190.0,269.0,0.0
锦州,2022-12-01,59.0,530.0,65.0,39.0,0.0,0.0,91.0,342.0,0.0,0.0,431.0,528.0,167.0,0.0,147.0,543.0,139.0,145.0,35.0,29.0,47.0,2.0,39.0,0.0,0.0,0.0,721.0,395.0,10.0,624.0,31.0,217.0,254.0,0.0
锦州,2023-01-01,51.0,570.0,81.0,35.0,0.0,0.0,116.0,211.0,0.0,0.0,235.0,429.0,400.0,0.0,172.0,412.0,136.0,195.0,30.0,4.0,50.0,30.0,35.0,0.0,0.0,0.0,609.0,453.0,2.0,552.0,40.0,200.0,272.0,0.0
锦州,2023-02-01,93.0,682.0,71.0,14.0,0.0,0.0,127.0,304.0,0.0,0.0,224.0,579.0,488.0,0.0,190.0,577.0,76.0,316.0,28.0,30.0,26.0,34.0,14.0,0.0,0.0,0.0,786.0,498.0,7.0,786.0,20.0,172.0,313.0,0.0
锦州,2023-03-01,97.0,584.0,63.0,35.0,0.0,0.0,46.0,220.0,0.0,0.0,265.0,462.0,318.0,0.0,120.0,445.0,125.0,172.0,30.0,21.0,77.0,20.0,35.0,0.0,0.0,0.0,611.0,402.0,32.0,500.0,35.0,205.0,305.0,0.0
锦州,2023-04-01,73.0,509.0,59.0,21.0,0.0,0.0,141.0,223.0,0.0,0.0,503.0,423.0,100.0,0.0,195.0,396.0,157.0,141.0,32.0,3.0,51.0,30.0,21.0,0.0,0.0,0.0,565.0,433.0,28.0,614.0,22.0,151.0,239.0,0.0
锦州,2023-05-01,50.0,518.0,107.0,6.0,0.0,0.0,120.0,255.0,0.0,0.0,184.0,466.0,406.0,0.0,213.0,386.0,43.0,283.0,47.0,1.0,64.0,13.0,6.0,0.0,0.0,0.0,637.0,413.0,6.0,661.0,49.0,125.0,221.0,0.0
锦州,2023-06-01,64.0,467.0,123.0,34.0,0.0,0.0,98.0,272.0,0.0,0.0,222.0,519.0,317.0,0.0,143.0,422.0,122.0,169.0,58.0,17.0,58.0,35.0,34.0,0.0,0.0,0.0,680.0,348.0,30.0,606.0,34.0,211.0,207.0,0.0
锦州,2023-07-01,138.0,563.0,119.0,26.0,0.0,0.0,37.0,269.0,0.0,0.0,287.0,535.0,330.0,0.0,123.0,476.0,92.0,202.0,59.0,33.0,104.0,37.0,26.0,0.0,0.0,0.0,736.0,376.0,40.0,600.0,56.0,245.0,251.0,0.0
锦州,2023-08-01,89.0,528.0,69.0,24.0,0.0,0.0,116.0,285.0,0.0,11.0,219.0,460.0,421.0,0.0,168.0,476.0,126.0,168.0,29.0,38.0,62.0,20.0,24.0,0.0,0.0,0.0,667.0,440.0,4.0,615.0,42.0,197.0,246.0,11.0
锦州,2023-09-01,85.0,622.0,112.0,1.0,0.0,0.0,120.0,234.0,0.0,0.0,561.0,484.0,129.0,0.0,190.0,467.0,135.0,211.0,59.0,32.0,76.0,3.0,1.0,0.0,0.0,0.0,649.0,523.0,2.0,596.0,76.0,187.0,315.0,0.0
锦州,2023-10-01,81.0,503.0,48.0,12.0,0.0,0.0,111.0,220.0,0.0,0.0,329.0,441.0,205.0,0.0,173.0,379.0,48.0,232.0,28.0,3.0,60.0,40.0,12.0,0.0,0.0,0.0,571.0,372.0,32.0,559.0,37.0,186.0,193.0,0.0
锦州,2023-11-01,96.0,427.0,114.0,18.0,0.0,0.0,129.0,165.0,0.0,0.0,142.0,395.0,412.0,0.0,205.0,297.0,84.0,147.0,72.0,20.0,78.0,28.0,18.0,0.0,0.0,0.0,525.0,416.0,8.0,507.0,34.0,191.0,217.0,0.0
锦州,2023-12-01,72.0,405.0,104.0,7.0,0.0,0.0,34.0,249.0,0.0,0.0,92.0,542.0,237.0,0.0,105.0,347.0,69.0,209.0,54.0,28.0,50.0,2.0,7.0,0.0,0.0,0.0,601.0,244.0,26.0,516.0,24.0,155.0,176.0,0.0
锦州,2024-01-01,77.0,543.0,90.0,14.0,0.0,0.0,129.0,343.0,0.0,0.0,346.0,572.0,278.0,0.0,194.0,529.0,67.0,214.0,66.0,28.0,58.0,26.0,14.0,0.0,0.0,0.0,781.0,413.0,2.0,732.0,51.0,206.0,207.0,0.0
锦州,2024-02-01,72.0,493.0,66.0,5.0,0.0,0.0,131.0,290.0,0.0,0.0,381.0,416.0,260.0,0.0,170.0,508.0,100.0,156.0,9.0,9.0,83.0,17.0,5.0,0.0,0.0,0.0,596.0,427.0,34.0,573.0,32.0,191.0,261.0,0.0
锦州,2024-03-01,69.0,485.0,92.0,40.0,0.0,0.0,117.0,273.0,0.0,0.0,269.0,550.0,257.0,0.0,177.0,443.0,91.0,212.0,7.0,38.0,31.0,37.0,40.0,0.0,0.0,0.0,657.0,407.0,12.0,557.0,39.0,244.0,236.0,0.0
锦州,2024-04-01,52.0,512.0,94.0,28.0,0.0,0.0,129.0,308.0,0.0,0.0,493.0,523.0,107.0,0.0,168.0,465.0,105.0,225.0,32.0,15.0,61.0,24.0,28.0,0.0,0.0,0.0,724.0,388.0,11.0,687.0,47.0,180.0,209.0,0.0
锦州,2024-05-01,69.0,633.0,92.0,6.0,0.0,0.0,78.0,397.0,0.0,0.0,205.0,606.0,464.0,0.0,160.0,577.0,144.0,229.0,64.0,4.0,77.0,14.0,6.0,0.0,0.0,0.0,830.0,427.0,18.0,728.0,61.0,212.0,274.0,0.0
锦州,2024-06-01,85.0,445.0,80.0,1.0,0.0,0.0,53.0,226.0,0.0,0.0,241.0,426.0,223.0,0.0,133.0,303.0,101.0,153.0,62.0,23.0,75.0,39.0,1.0,0.0,0.0,0.0,601.0,273.0,16.0,491.0,45.0,185.0,169.0,0.0
锦州,2024-07-01,113.0,511.0,43.0,19.0,0.0,0.0,37.0,228.0,0.0,0.0,315.0,405.0,231.0,0.0,100.0,482.0,86.0,121.0,18.0,38.0,70.0,17.0,19.0,0.0,0.0,0.0,534.0,393.0,24.0,445.0,62.0,171.0,273.0,0.0
锦州,2024-08-01,119.0,479.0,58.0,8.0,0.0,0.0,104.0,268.0,0.0,0.0,301.0,555.0,180.0,0.0,174.0,427.0,38.0,231.0,51.0,38.0,62.0,7.0,8.0,0.0,0.0,0.0,620.0,376.0,40.0,651.0,64.0,138.0,183.0,0.0
锦州,2024-09-01,59.0,629.0,90.0,2.0,0.0,0.0,67.0,124.0,0.0,21.0,138.0,433.0,379.0,0.0,106.0,359.0,145.0,217.0,49.0,21.0,54.0,18.0,2.0,0.0,0.0,0.0,528.0,421.0,22.0,484.0,32.0,144.0,290.0,21.0
阜新,2022-06-01,0.0,229.0,73.0,0.0,0.0,0.0,130.0,248.0,0.0,0.0,156.0,385.0,139.0,0.0,139.0,251.0,83.0,128.0,39.0,40.0,0.0,0.0,0.0,0.0,0.0,0.0,481.0,199.0,0.0,497.0,6.0,114.0,63.0,0.0
阜新,2022-07-01,0.0,136.0,52.0,0.0,0.0,0.0,43.0,227.0,0.0,0.0,85.0,244.0,129.0,0.0,77.0,222.0,46.0,84.0,18.0,11.0,0.0,0.0,0.0,0.0,0.0,0.0,365.0,93.0,0.0,330.0,12.0,78.0,38.0,0.0
阜新,2022-08-01,0.0,140.0,54.0,0.0,0.0,0.0,45.0,350.0,0.0,0.0,129.0,366.0,94.0,0.0,96.0,345.0,47.0,73.0,21.0,7.0,0.0,0.0,0.0,0.0,0.0,0.0,506.0,83.0,0.0,482.0,16.0,69.0,22.0,0.0
阜新,2022-09-01,0.0,156.0,34.0,0.0,0.0,0.0,59.0,199.0,0.0,0.0,106.0,214.0,128.0,0.0,101.0,203.0,73.0,48.0,22.0,1.0,0.0,0.0,0.0,0.0,0.0,0.0,361.0,87.0,0.0,374.0,16.0,46.0,12.0,0.0
阜新,2022-10-01,0.0,178.0,57.0,0.0,0.0,0.0,65.0,323.0,0.0,0.0,207.0,350.0,66.0,0.0,131.0,322.0,35.0,94.0,15.0,26.0,0.0,0.0,0.0,0.0,0.0,0.0,508.0,115.0,0.0,457.0,32.0,116.0,18.0,0.0
阜新,2022-11-01,0.0,168.0,62.0,0.0,0.0,0.0,91.0,268.0,0.0,0.0,214.0,318.0,57.0,0.0,137.0,287.0,49.0,83.0,2.0,31.0,0.0,0.0,0.0,0.0,0.0,0.0,440.0,149.0,0.0,456.0,33.0,75.0,25.0,0.0
阜新,2022-12-01,0.0,139.0,56.0,0.0,0.0,0.0,78.0,271.0,0.0,0.0,82.0,259.0,203.0,0.0,126.0,260.0,66.0,50.0,17.0,25.0,0.0,0.0,0.0,0.0,0.0,0.0,401.0,143.0,0.0,416.0,17.0,63.0,48.0,0.0
阜新,2023-01-01,0.0,133.0,69.0,0.0,0.0,0.0,115.0,312.0,0.0,0.0,202.0,331.0,96.0,0.0,145.0,320.0,43.0,82.0,38.0,1.0,0.0,0.0,0.0,0.0,0.0,0.0,437.0,192.0,0.0,477.0,6.0,75.0,71.0,0.0
阜新,2023-02-01,0.0,167.0,67.0,0.0,0.0,0.0,104.0,263.0,0.0,0.0,129.0,335.0,137.0,0.0,109.0,266.0,79.0,108.0,14.0,25.0,0.0,0.0,0.0,0.0,0.0,0.0,432.0,169.0,0.0,406.0,2.0,130.0,63.0,0.0
阜新,2023-03-01,0.0,182.0,100.0,0.0,0.0,0.0,59.0,357.0,0.0,0.0,133.0,448.0,117.0,0.0,92.0,337.0,86.0,114.0,36.0,33.0,0.0,0.0,0.0,0.0,0.0,0.0,583.0,115.0,0.0,518.0,11.0,124.0,45.0,0.0
阜新,2023-04-01,0.0,196.0,95.0,0.0,0.0,0.0,123.0,416.0,0.0,0.0,68.0,543.0,219.0,0.0,173.0,404.0,52.0,136.0,34.0,31.0,0.0,0.0,0.0,0.0,0.0,0.0,636.0,194.0,0.0,620.0,34.0,139.0,37.0,0.0
阜新,2023-05-01,0.0,168.0,88.0,0.0,0.0,0.0,73.0,270.0,0.0,0.0,186.0,338.0,75.0,0.0,130.0,256.0,61.0,109.0,38.0,5.0,0.0,0.0,0.0,0.0,0.0,0.0,482.0,117.0,0.0,495.0,28.0,60.0,16.0,0.0
阜新,2023-06-01,0.0,276.0,51.0,0.0,0.0,0.0,91.0,324.0,0.0,0.0,154.0,394.0,194.0,0.0,151.0,324.0,72.0,140.0,15.0,40.0,0.0,0.0,0.0,0.0,0.0,0.0,605.0,137.0,0.0,547.0,23.0,149.0,23.0,0.0
阜新,2023-07-01,0.0,136.0,89.0,0.0,0.0,0.0,101.0,248.0,0.0,0.0,19.0,352.0,203.0,0.0,115.0,241.0,66.0,131.0,14.0,7.0,0.0,0.0,0.0,0.0,0.0,0.0,435.0,139.0,0.0,422.0,4.0,114.0,34.0,0.0
阜新,2023-08-01,0.0,110.0,44.0,0.0,0.0,0.0,61.0,284.0,0.0,0.0,87.0,294.0,118.0,0.0,106.0,258.0,43.0,75.0,3.0,14.0,0.0,0.0,0.0,0.0,0.0,0.0,394.0,105.0,0.0,380.0,10.0,75.0,34.0,0.0
阜新,2023-09-01,0.0,146.0,90.0,0.0,0.0,0.0,71.0,244.0,0.0,0.0,92.0,334.0,125.0,0.0,85.0,267.0,49.0,93.0,37.0,20.0,0.0,0.0,0.0,0.0,0.0,0.0,468.0,83.0,0.0,426.0,8.0,113.0,4.0,0.0
阜新,2023-10-01,0.0,148.0,51.0,0.0,0.0,0.0,78.0,413.0,0.0,0.0,198.0,429.0,63.0,0.0,134.0,390.0,52.0,79.0,22.0,13.0,0.0,0.0,0.0,0.0,0.0,0.0,543.0,147.0,0.0,508.0,28.0,113.0,41.0,0.0
阜新,2023-11-01,0.0,169.0,60.0,0.0,0.0,0.0,72.0,349.0,0.0,0.0,124.0,395.0,131.0,0.0,148.0,341.0,36.0,68.0,27.0,30.0,0.0,0.0,0.0,0.0,0.0,0.0,506.0,144.0,0.0,519.0,39.0,59.0,33.0,0.0
阜新,2023-12-01,0.0,112.0,64.0,0.0,0.0,0.0,30.0,409.0,0.0,0.0,118.0,413.0,84.0,0.0,87.0,372.0,28.0,83.0,39.0,6.0,0.0,0.0,0.0,0.0,0.0,0.0,514.0,101.0,0.0,484.0,17.0,60.0,54.0,0.0
阜新,2024-01-01,0.0,205.0,66.0,0.0,0.0,0.0,134.0,197.0,0.0,0.0,218.0,278.0,106.0,0.0,163.0,201.0,77.0,120.0,5.0,36.0,0.0,0.0,0.0,0.0,0.0,0.0,397.0,205.0,0.0,391.0,18.0,140.0,53.0,0.0
阜新,2024-02-01,0.0,202.0,73.0,0.0,0.0,0.0,117.0,311.0,0.0,0.0,93.0,391.0,219.0,0.0,188.0,311.0,55.0,112.0,1.0,36.0,0.0,0.0,0.0,0.0,0.0,0.0,522.0,181.0,0.0,501.0,33.0,138.0,31.0,0.0
阜新,2024-03-01,0.0,212.0,40.0,0.0,0.0,0.0,42.0,364.0,0.0,23.0,93.0,363.0,179.0,0.0,109.0,344.0,79.0,79.0,31.0,16.0,0.0,0.0,0.0,0.0,0.0,0.0,522.0,136.0,0.0,484.0,27.0,80.0,44.0,23.0
阜新,2024-04-01,0.0,188.0,77.0,0.0,0.0,0.0,64.0,344.0,0.0,0.0,48.0,459.0,166.0,0.0,106.0,350.0,68.0,92.0,34.0,23.0,0.0,0.0,0.0,0.0,0.0,0.0,555.0,118.0,0.0,477.0,28.0,142.0,26.0,0.0
阜新,2024-05-01,0.0,194.0,43.0,0.0,0.0,0.0,101.0,416.0,0.0,0.0,112.0,394.0,248.0,0.0,154.0,417.0,87.0,81.0,12.0,3.0,0.0,0.0,0.0,0.0,0.0,0.0,577.0,177.0,0.0,569.0,16.0,109.0,60.0,0.0
阜新,2024-06-01,0.0,175.0,50.0,0.0,0.0,0.0,103.0,282.0,0.0,0.0,82.0,283.0,245.0,0.0,156.0,269.0,89.0,78.0,5.0,13.0,0.0,0.0,0.0,0.0,0.0,0.0,411.0,199.0,0.0,421.0,36.0,93.0,60.0,0.0
阜新,2024-07-01,0.0,152.0,68.0,0.0,0.0,0.0,50.0,312.0,0.0,0.0,86.0,371.0,125.0,0.0,97.0,314.0,23.0,82.0,38.0,28.0,0.0,0.0,0.0,0.0,0.0,0.0,465.0,117.0,0.0,469.0,29.0,46.0,38.0,0.0
阜新,2024-08-01,0.0,126.0,80.0,0.0,0.0,0.0,95.0,276.0,0.0,0.0,72.0,334.0,171.0,0.0,147.0,254.0,26.0,109.0,27.0,14.0,0.0,0.0,0.0,0.0,0.0,0.0,439.0,138.0,0.0,454.0,19.0,80.0,24.0,0.0
阜新,2024-09-01,0.0,157.0,73.0,0.0,0.0,0.0,64.0,301.0,0.0,0.0,132.0,376.0,87.0,0.0,101.0,296.0,40.0,128.0,19.0,11.0,0.0,0.0,0.0,0.0,0.0,0.0,460.0,135.0,0.0,436.0,28.0,88.0,43.0,0.0
鞍山,2022-06-01,195.0,1504.0,576.0,79.0,0.0,12.0,132.0,935.0,0.0,128.0,637.0,1931.0,737.0,0.0,414.0,1038.0,428.0,788.0,288.0,192.0,163.0,92.0,30.0,0.0,0.0,0.0,2363.0,1012.0,58.0,1757.0,127.0,931.0,453.0,165.0
鞍山,2022-07-01,153.0,1073.0,299.0,91.0,0.0,23.0,90.0,667.0,0.0,52.0,330.0,1432.0,582.0,0.0,339.0,621.0,342.0,553.0,180.0,123.0,115.0,80.0,43.0,0.0,0.0,0.0,1712.0,645.0,39.0,1207.0,108.0,705.0,309.0,67.0
鞍山,2022-08-01,178.0,1690.0,373.0,102.0,0.0,1.0,96.0,1161.0,0.0,142.0,834.0,1830.0,795.0,0.0,429.0,1144.0,630.0,627.0,338.0,199.0,97.0,91.0,46.0,0.0,0.0,0.0,2549.0,1030.0,22.0,1984.0,118.0,817.0,507.0,175.0
鞍山,2022-09-01,239.0,1862.0,386.0,96.0,0.0,22.0,81.0,1049.0,0.0,132.0,574.0,2014.0,1015.0,0.0,416.0,1076.0,644.0,849.0,275.0,214.0,135.0,102.0,24.0,0.0,0.0,0.0,2603.0,1077.0,55.0,2007.0,156.0,875.0,536.0,161.0
鞍山,2022-10-01,285.0,1382.0,462.0,100.0,0.0,33.0,123.0,863.0,0.0,152.0,599.0,1829.0,668.0,0.0,566.0,697.0,623.0,584.0,255.0,199.0,161.0,112.0,51.0,0.0,0.0,0.0,2274.0,918.0,56.0,1698.0,150.0,935.0,300.0,165.0
鞍山,2022-11-01,214.0,1669.0,613.0,132.0,0.0,13.0,65.0,973.0,0.0,157.0,699.0,1986.0,837.0,0.0,427.0,1007.0,393.0,983.0,371.0,183.0,140.0,117.0,58.0,0.0,0.0,0.0,2592.0,1065.0,22.0,2067.0,150.0,772.0,530.0,160.0
鞍山,2022-12-01,212.0,1837.0,448.0,120.0,0.0,29.0,105.0,962.0,0.0,129.0,555.0,1998.0,1031.0,0.0,432.0,1027.0,548.0,855.0,362.0,209.0,158.0,106.0,16.0,0.0,0.0,0.0,2547.0,1103.0,63.0,1957.0,159.0,874.0,555.0,168.0
鞍山,2023-01-01,288.0,1728.0,454.0,87.0,0.0,3.0,41.0,1064.0,0.0,144.0,466.0,1961.0,1094.0,0.0,479.0,1043.0,486.0,719.0,390.0,236.0,125.0,137.0,50.0,0.0,0.0,0.0,2563.0,1070.0,32.0,1944.0,144.0,888.0,509.0,180.0
鞍山,2023-02-01,229.0,1524.0,401.0,126.0,0.0,21.0,111.0,994.0,0.0,120.0,578.0,1907.0,801.0,0.0,464.0,1017.0,421.0,781.0,193.0,228.0,129.0,101.0,72.0,0.0,0.0,0.0,2425.0,916.0,65.0,1820.0,125.0,915.0,405.0,141.0
鞍山,2023-03-01,159.0,1746.0,448.0,104.0,0.0,4.0,104.0,1195.0,0.0,157.0,1006.0,2050.0,547.0,0.0,393.0,1271.0,471.0,815.0,320.0,189.0,158.0,85.0,58.0,0.0,0.0,0.0,2682.0,1034.0,44.0,1957.0,149.0,962.0,503.0,189.0
鞍山,2023-04-01,134.0,1584.0,393.0,79.0,0.0,19.0,44.0,1018.0,0.0,95.0,900.0,1820.0,456.0,0.0,338.0,1200.0,478.0,632.0,198.0,148.0,134.0,115.0,28.0,0.0,0.0,0.0,2338.0,904.0,29.0,1682.0,128.0,813.0,531.0,117.0
鞍山,2023-05-01,221.0,1473.0,471.0,82.0,0.0,29.0,68.0,941.0,0.0,127.0,512.0,2047.0,599.0,0.0,405.0,916.0,371.0,770.0,304.0,175.0,223.0,111.0,10.0,0.0,0.0,0.0,2337.0,906.0,42.0,1648.0,121.0,893.0,482.0,141.0
鞍山,2023-06-01,196.0,1720.0,544.0,123.0,0.0,39.0,116.0,820.0,0.0,138.0,812.0,2185.0,423.0,0.0,513.0,973.0,461.0,849.0,240.0,169.0,164.0,115.0,74.0,0.0,0.0,0.0,2432.0,1110.0,16.0,1689.0,140.0,1047.0,527.0,155.0
鞍山,2023-07-01,180.0,1791.0,475.0,120.0,0.0,16.0,39.0,1135.0,0.0,184.0,742.0,2092.0,738.0,0.0,299.0,1195.0,576.0,767.0,358.0,263.0,165.0,88.0,45.0,0.0,0.0,0.0,2795.0,945.0,16.0,1963.0,156.0,949.0,478.0,210.0
鞍山,2023-08-01,141.0,1831.0,417.0,127.0,0.0,12.0,32.0,955.0,0.0,191.0,681.0,2115.0,528.0,0.0,255.0,1026.0,563.0,794.0,279.0,272.0,144.0,142.0,40.0,0.0,0.0,0.0,2556.0,916.0,43.0,1703.0,105.0,989.0,503.0,215.0
鞍山,2023-09-01,152.0,1750.0,362.0,58.0,0.0,30.0,44.0,1166.0,0.0,197.0,603.0,2061.0,701.0,0.0,329.0,1265.0,473.0,601.0,366.0,196.0,194.0,108.0,30.0,0.0,0.0,0.0,2613.0,931.0,18.0,1856.0,104.0,899.0,469.0,234.0
鞍山,2023-10-01,228.0,1655.0,476.0,100.0,0.0,4.0,135.0,1078.0,0.0,210.0,763.0,1997.0,706.0,0.0,437.0,1151.0,460.0,766.0,269.0,157.0,258.0,121.0,57.0,0.0,0.0,0.0,2579.0,1048.0,49.0,2070.0,108.0,825.0,460.0,213.0
鞍山,2023-11-01,213.0,1469.0,329.0,112.0,0.0,6.0,84.0,1091.0,0.0,201.0,776.0,1830.0,497.0,0.0,404.0,1084.0,384.0,673.0,257.0,130.0,209.0,118.0,45.0,0.0,0.0,0.0,2299.0,951.0,54.0,1697.0,93.0,904.0,406.0,204.0
鞍山,2023-12-01,235.0,1714.0,458.0,96.0,0.0,13.0,119.0,911.0,0.0,215.0,1011.0,2017.0,303.0,0.0,541.0,930.0,485.0,701.0,305.0,200.0,221.0,116.0,47.0,0.0,0.0,0.0,2391.0,1134.0,21.0,1769.0,78.0,944.0,514.0,241.0
鞍山,2024-01-01,162.0,1836.0,538.0,84.0,0.0,14.0,76.0,1103.0,0.0,221.0,672.0,2278.0,642.0,0.0,414.0,1006.0,514.0,948.0,313.0,273.0,183.0,134.0,28.0,0.0,0.0,0.0,2835.0,961.0,17.0,1920.0,86.0,1118.0,436.0,253.0
鞍山,2024-02-01,226.0,1747.0,506.0,97.0,0.0,30.0,102.0,1110.0,0.0,163.0,776.0,2046.0,833.0,0.0,565.0,1098.0,564.0,703.0,333.0,296.0,98.0,100.0,61.0,0.0,0.0,0.0,2707.0,1081.0,30.0,1972.0,102.0,1018.0,527.0,199.0
鞍山,2024-03-01,224.0,1838.0,438.0,105.0,0.0,3.0,136.0,710.0,0.0,170.0,932.0,2010.0,342.0,0.0,403.0,865.0,512.0,891.0,213.0,261.0,122.0,140.0,47.0,0.0,0.0,0.0,2363.0,1060.0,31.0,1717.0,95.0,927.0,514.0,201.0
鞍山,2024-04-01,267.0,1825.0,534.0,123.0,0.0,9.0,122.0,1233.0,0.0,176.0,1093.0,2195.0,649.0,0.0,539.0,1254.0,476.0,868.0,392.0,279.0,154.0,96.0,55.0,0.0,0.0,0.0,2863.0,1185.0,65.0,2175.0,141.0,1027.0,561.0,209.0
鞍山,2024-05-01,223.0,1665.0,461.0,72.0,0.0,10.0,79.0,1067.0,0.0,213.0,760.0,1922.0,682.0,0.0,427.0,1066.0,505.0,791.0,300.0,220.0,104.0,106.0,58.0,0.0,0.0,0.0,2569.0,980.0,28.0,2060.0,121.0,767.0,376.0,253.0
鞍山,2024-06-01,208.0,1908.0,451.0,97.0,0.0,31.0,100.0,1196.0,0.0,253.0,774.0,2029.0,935.0,0.0,478.0,1205.0,645.0,855.0,348.0,168.0,141.0,119.0,32.0,0.0,0.0,0.0,2838.0,1103.0,50.0,2242.0,99.0,920.0,470.0,260.0
鞍山,2024-07-01,219.0,1879.0,504.0,121.0,0.0,39.0,82.0,1111.0,0.0,304.0,964.0,2304.0,383.0,0.0,453.0,978.0,517.0,989.0,435.0,219.0,161.0,121.0,82.0,0.0,0.0,0.0,2843.0,1066.0,46.0,1974.0,168.0,1098.0,390.0,325.0
鞍山,2024-08-01,223.0,1913.0,464.0,79.0,0.0,30.0,103.0,1111.0,0.0,320.0,461.0,2082.0,1060.0,0.0,502.0,1224.0,535.0,835.0,339.0,249.0,130.0,54.0,55.0,0.0,0.0,0.0,2628.0,1263.0,32.0,1988.0,79.0,924.0,587.0,345.0
鞍山,2024-09-01,258.0,1741.0,523.0,102.0,0.0,19.0,54.0,1090.0,0.0,369.0,144.0,1884.0,1390.0,0.0,480.0,1062.0,426.0,705.0,500.0,254.0,177.0,102.0,81.0,0.0,0.0,0.0,2513.0,1240.0,34.0,1947.0,143.0,818.0,484.0,395.0
