city,date,MPV,SUV,medium_car,med_large_car,large_car,small_car,micro_car,compact_car,EVER,PHEV,FUEL,EV,0-5w,5-10w,10-15w,15-20w,20-25w,25-30w,30-35w,35-40w,40-50w,50-100w,100-150w,150-300w,300-1000w,joint_type,self_owned_type,imported_type,joint_brand,state_owned_brand,international_brand,self_owned_brand,new_force_brand
临汾,2022-06-01,346.0,1716.0,166.0,98.0,0.0,123.0,350.0,1124.0,0.0,1273.0,1768.0,882.0,0.0,816.0,1289.0,722.0,662.0,116.0,115.0,123.0,29.0,51.0,0.0,0.0,0.0,2212.0,1701.0,10.0,2110.0,70.0,556.0,1148.0,39.0
临汾,2022-07-01,156.0,1067.0,173.0,63.0,0.0,111.0,150.0,926.0,0.0,782.0,1244.0,620.0,0.0,444.0,1126.0,485.0,372.0,65.0,42.0,53.0,25.0,34.0,0.0,0.0,0.0,1564.0,1066.0,16.0,1438.0,43.0,346.0,806.0,13.0
临汾,2022-08-01,198.0,2136.0,298.0,101.0,0.0,159.0,60.0,1747.0,0.0,1165.0,2405.0,1129.0,0.0,521.0,1938.0,1011.0,751.0,137.0,158.0,78.0,39.0,66.0,0.0,0.0,0.0,3110.0,1578.0,11.0,2676.0,106.0,560.0,1341.0,16.0
临汾,2022-09-01,271.0,1706.0,187.0,65.0,0.0,197.0,184.0,1665.0,0.0,1271.0,1972.0,1032.0,0.0,594.0,2049.0,680.0,533.0,91.0,154.0,94.0,46.0,34.0,0.0,0.0,0.0,2693.0,1566.0,16.0,2431.0,78.0,505.0,1257.0,4.0
临汾,2022-10-01,290.0,1860.0,296.0,89.0,0.0,169.0,234.0,1624.0,0.0,1333.0,2292.0,937.0,0.0,647.0,2005.0,801.0,702.0,82.0,112.0,97.0,62.0,54.0,0.0,0.0,0.0,2869.0,1680.0,13.0,2500.0,71.0,690.0,1264.0,37.0
临汾,2022-11-01,247.0,1760.0,285.0,88.0,0.0,130.0,133.0,1024.0,0.0,875.0,1747.0,1045.0,0.0,582.0,1419.0,691.0,635.0,79.0,122.0,44.0,58.0,37.0,0.0,0.0,0.0,2062.0,1594.0,11.0,1858.0,51.0,447.0,1273.0,38.0
临汾,2022-12-01,278.0,1568.0,237.0,92.0,0.0,170.0,432.0,1581.0,0.0,1241.0,1920.0,1197.0,0.0,956.0,1856.0,701.0,524.0,103.0,83.0,64.0,41.0,30.0,0.0,0.0,0.0,2486.0,1863.0,9.0,2528.0,80.0,467.0,1254.0,29.0
临汾,2023-01-01,281.0,1601.0,257.0,115.0,0.0,186.0,94.0,1810.0,0.0,1026.0,2259.0,1059.0,0.0,587.0,2046.0,605.0,572.0,79.0,175.0,170.0,40.0,70.0,0.0,0.0,0.0,2899.0,1414.0,31.0,2327.0,59.0,712.0,1230.0,16.0
临汾,2023-02-01,197.0,1647.0,281.0,100.0,0.0,208.0,400.0,1398.0,0.0,809.0,2059.0,1363.0,0.0,804.0,1695.0,668.0,653.0,121.0,115.0,70.0,72.0,33.0,0.0,0.0,0.0,2541.0,1664.0,26.0,2511.0,58.0,513.0,1133.0,16.0
临汾,2023-03-01,281.0,1738.0,244.0,85.0,0.0,141.0,196.0,1187.0,0.0,1309.0,1867.0,696.0,0.0,762.0,1454.0,629.0,646.0,86.0,128.0,87.0,42.0,38.0,0.0,0.0,0.0,2232.0,1610.0,30.0,2037.0,56.0,537.0,1230.0,12.0
临汾,2023-04-01,271.0,1691.0,258.0,84.0,0.0,195.0,275.0,1673.0,0.0,1229.0,2063.0,1155.0,0.0,714.0,2043.0,689.0,603.0,111.0,84.0,99.0,72.0,32.0,0.0,0.0,0.0,2626.0,1809.0,12.0,2362.0,101.0,633.0,1348.0,3.0
临汾,2023-05-01,272.0,1628.0,333.0,106.0,0.0,217.0,72.0,1598.0,0.0,1457.0,2149.0,620.0,0.0,563.0,1799.0,695.0,812.0,93.0,45.0,109.0,55.0,55.0,0.0,0.0,0.0,2885.0,1327.0,14.0,2434.0,86.0,616.0,1081.0,9.0
临汾,2023-06-01,278.0,1664.0,248.0,90.0,0.0,133.0,288.0,1682.0,0.0,962.0,2031.0,1390.0,0.0,818.0,1968.0,614.0,622.0,63.0,104.0,83.0,55.0,56.0,0.0,0.0,0.0,2490.0,1857.0,36.0,2217.0,39.0,717.0,1377.0,33.0
临汾,2023-07-01,213.0,1711.0,247.0,118.0,0.0,202.0,153.0,1552.0,0.0,983.0,1982.0,1231.0,0.0,576.0,1844.0,721.0,693.0,89.0,114.0,46.0,68.0,45.0,0.0,0.0,0.0,2561.0,1634.0,1.0,2154.0,72.0,650.0,1300.0,20.0
临汾,2023-08-01,299.0,1844.0,325.0,74.0,0.0,202.0,295.0,1297.0,0.0,1171.0,1958.0,1207.0,0.0,808.0,1733.0,778.0,747.0,51.0,72.0,72.0,35.0,40.0,0.0,0.0,0.0,2574.0,1758.0,4.0,2457.0,53.0,560.0,1259.0,7.0
临汾,2023-09-01,230.0,2032.0,327.0,93.0,0.0,202.0,347.0,1301.0,12.0,1266.0,2280.0,974.0,0.0,684.0,1790.0,774.0,824.0,63.0,160.0,156.0,54.0,27.0,0.0,0.0,0.0,2782.0,1723.0,27.0,2494.0,45.0,665.0,1295.0,33.0
临汾,2023-10-01,193.0,1590.0,161.0,30.0,0.0,122.0,328.0,1746.0,33.0,991.0,1933.0,1213.0,0.0,829.0,1747.0,764.0,511.0,75.0,121.0,72.0,30.0,21.0,0.0,0.0,0.0,2552.0,1617.0,1.0,2363.0,65.0,554.0,1134.0,54.0
临汾,2023-11-01,182.0,1822.0,291.0,79.0,0.0,134.0,337.0,1642.0,29.0,1034.0,2171.0,1253.0,0.0,701.0,1960.0,645.0,732.0,88.0,166.0,88.0,59.0,48.0,0.0,0.0,0.0,2667.0,1785.0,35.0,2375.0,91.0,669.0,1292.0,60.0
临汾,2023-12-01,233.0,1650.0,300.0,66.0,0.0,165.0,205.0,1519.0,49.0,1188.0,2069.0,832.0,0.0,714.0,1803.0,627.0,687.0,69.0,109.0,59.0,29.0,41.0,0.0,0.0,0.0,2534.0,1599.0,5.0,2258.0,32.0,568.0,1212.0,68.0
临汾,2024-01-01,278.0,2048.0,285.0,100.0,0.0,138.0,195.0,1613.0,74.0,1132.0,2215.0,1236.0,0.0,604.0,1973.0,901.0,655.0,67.0,208.0,162.0,49.0,38.0,0.0,0.0,0.0,2943.0,1677.0,37.0,2559.0,43.0,648.0,1309.0,98.0
临汾,2024-02-01,332.0,1932.0,262.0,101.0,0.0,213.0,416.0,1478.0,51.0,1339.0,2382.0,962.0,0.0,994.0,1619.0,990.0,730.0,86.0,87.0,126.0,73.0,29.0,0.0,0.0,0.0,2693.0,2007.0,34.0,2633.0,56.0,660.0,1328.0,57.0
临汾,2024-03-01,261.0,1659.0,260.0,97.0,0.0,127.0,123.0,1663.0,46.0,1091.0,1911.0,1142.0,0.0,600.0,1828.0,740.0,565.0,109.0,75.0,147.0,63.0,63.0,0.0,0.0,0.0,2600.0,1554.0,36.0,2301.0,40.0,531.0,1261.0,57.0
临汾,2024-04-01,270.0,1535.0,204.0,54.0,0.0,137.0,435.0,1543.0,35.0,1307.0,2121.0,715.0,0.0,862.0,1687.0,665.0,626.0,88.0,83.0,125.0,19.0,23.0,0.0,0.0,0.0,2438.0,1717.0,23.0,2515.0,53.0,432.0,1121.0,57.0
临汾,2024-05-01,322.0,1805.0,222.0,93.0,0.0,175.0,308.0,1080.0,36.0,692.0,1662.0,1615.0,0.0,792.0,1494.0,792.0,556.0,80.0,68.0,116.0,24.0,83.0,0.0,0.0,0.0,2111.0,1858.0,36.0,2150.0,52.0,473.0,1259.0,71.0
临汾,2024-06-01,207.0,2105.0,264.0,107.0,0.0,126.0,327.0,1694.0,54.0,1184.0,2315.0,1277.0,0.0,793.0,1953.0,944.0,686.0,122.0,113.0,63.0,71.0,85.0,0.0,0.0,0.0,2838.0,1969.0,23.0,2593.0,89.0,580.0,1497.0,71.0
临汾,2024-07-01,237.0,1811.0,199.0,125.0,0.0,193.0,348.0,1606.0,54.0,1257.0,2355.0,853.0,0.0,851.0,1813.0,755.0,661.0,143.0,86.0,56.0,73.0,81.0,0.0,0.0,0.0,2703.0,1802.0,14.0,2554.0,66.0,584.0,1255.0,60.0
临汾,2024-08-01,304.0,1851.0,270.0,105.0,0.0,190.0,92.0,1257.0,36.0,1192.0,1846.0,995.0,0.0,561.0,1571.0,798.0,718.0,67.0,80.0,148.0,64.0,62.0,0.0,0.0,0.0,2389.0,1659.0,21.0,1860.0,40.0,731.0,1397.0,41.0
临汾,2024-09-01,306.0,1971.0,209.0,54.0,0.0,127.0,313.0,1369.0,59.0,1328.0,1977.0,985.0,0.0,760.0,1694.0,848.0,698.0,97.0,33.0,129.0,42.0,48.0,0.0,0.0,0.0,2673.0,1645.0,31.0,2656.0,64.0,475.0,1078.0,76.0
吕梁,2022-06-01,9.0,604.0,61.0,32.0,0.0,75.0,98.0,486.0,0.0,181.0,740.0,444.0,0.0,305.0,579.0,225.0,215.0,9.0,0.0,0.0,0.0,32.0,0.0,0.0,0.0,698.0,667.0,0.0,464.0,156.0,241.0,465.0,39.0
吕梁,2022-07-01,13.0,504.0,42.0,11.0,0.0,27.0,69.0,358.0,0.0,325.0,507.0,192.0,0.0,201.0,439.0,195.0,165.0,13.0,0.0,0.0,0.0,11.0,0.0,0.0,0.0,512.0,512.0,0.0,409.0,121.0,116.0,367.0,11.0
吕梁,2022-08-01,27.0,651.0,88.0,31.0,0.0,45.0,86.0,572.0,0.0,303.0,724.0,473.0,0.0,395.0,593.0,249.0,205.0,27.0,0.0,0.0,0.0,31.0,0.0,0.0,0.0,754.0,746.0,0.0,486.0,300.0,298.0,382.0,34.0
吕梁,2022-09-01,11.0,740.0,129.0,33.0,0.0,49.0,55.0,710.0,0.0,527.0,924.0,276.0,0.0,412.0,636.0,370.0,265.0,11.0,0.0,0.0,0.0,33.0,0.0,0.0,0.0,980.0,747.0,0.0,725.0,318.0,285.0,388.0,11.0
吕梁,2022-10-01,4.0,681.0,146.0,1.0,0.0,48.0,75.0,624.0,0.0,458.0,878.0,243.0,0.0,288.0,716.0,281.0,289.0,4.0,0.0,0.0,0.0,1.0,0.0,0.0,0.0,925.0,654.0,0.0,802.0,184.0,125.0,430.0,38.0
吕梁,2022-11-01,15.0,598.0,164.0,26.0,0.0,32.0,105.0,804.0,0.0,459.0,971.0,314.0,0.0,370.0,846.0,247.0,240.0,15.0,0.0,0.0,0.0,26.0,0.0,0.0,0.0,1003.0,741.0,0.0,784.0,232.0,243.0,463.0,22.0
吕梁,2022-12-01,20.0,744.0,93.0,15.0,0.0,16.0,84.0,719.0,0.0,465.0,882.0,344.0,0.0,334.0,760.0,319.0,243.0,20.0,0.0,0.0,0.0,15.0,0.0,0.0,0.0,903.0,788.0,0.0,684.0,206.0,221.0,556.0,24.0
吕梁,2023-01-01,30.0,646.0,171.0,30.0,0.0,55.0,92.0,547.0,0.0,301.0,751.0,519.0,0.0,367.0,586.0,284.0,274.0,30.0,0.0,0.0,0.0,30.0,0.0,0.0,0.0,760.0,811.0,0.0,595.0,253.0,204.0,492.0,27.0
吕梁,2023-02-01,36.0,662.0,163.0,27.0,0.0,36.0,90.0,712.0,0.0,475.0,937.0,314.0,0.0,316.0,689.0,298.0,360.0,36.0,0.0,0.0,0.0,27.0,0.0,0.0,0.0,949.0,777.0,0.0,716.0,217.0,270.0,506.0,17.0
吕梁,2023-03-01,39.0,737.0,96.0,26.0,0.0,68.0,87.0,668.0,0.0,421.0,957.0,343.0,0.0,305.0,786.0,307.0,258.0,39.0,0.0,0.0,0.0,26.0,0.0,0.0,0.0,970.0,751.0,0.0,706.0,190.0,274.0,525.0,26.0
吕梁,2023-04-01,30.0,636.0,102.0,10.0,0.0,48.0,83.0,708.0,0.0,525.0,827.0,265.0,0.0,347.0,688.0,290.0,252.0,30.0,0.0,0.0,0.0,10.0,0.0,0.0,0.0,819.0,798.0,0.0,594.0,234.0,226.0,543.0,20.0
吕梁,2023-05-01,9.0,682.0,95.0,39.0,0.0,53.0,79.0,557.0,0.0,408.0,739.0,367.0,0.0,304.0,662.0,247.0,253.0,9.0,0.0,0.0,0.0,39.0,0.0,0.0,0.0,805.0,709.0,0.0,653.0,201.0,181.0,439.0,40.0
吕梁,2023-06-01,19.0,600.0,129.0,3.0,0.0,71.0,105.0,566.0,0.0,345.0,858.0,290.0,0.0,386.0,547.0,258.0,280.0,19.0,0.0,0.0,0.0,3.0,0.0,0.0,0.0,821.0,672.0,0.0,651.0,238.0,185.0,404.0,15.0
吕梁,2023-07-01,35.0,678.0,105.0,28.0,0.0,60.0,71.0,652.0,0.0,263.0,857.0,509.0,0.0,270.0,720.0,340.0,236.0,35.0,0.0,0.0,0.0,28.0,0.0,0.0,0.0,884.0,745.0,0.0,577.0,177.0,315.0,535.0,25.0
吕梁,2023-08-01,23.0,528.0,84.0,10.0,0.0,72.0,39.0,703.0,0.0,243.0,780.0,436.0,0.0,280.0,721.0,232.0,193.0,23.0,0.0,0.0,0.0,10.0,0.0,0.0,0.0,831.0,628.0,0.0,556.0,166.0,283.0,447.0,7.0
吕梁,2023-09-01,21.0,769.0,77.0,3.0,0.0,55.0,59.0,664.0,0.0,378.0,938.0,332.0,0.0,267.0,736.0,347.0,274.0,21.0,0.0,0.0,0.0,3.0,0.0,0.0,0.0,996.0,652.0,0.0,799.0,185.0,208.0,416.0,40.0
吕梁,2023-10-01,36.0,590.0,46.0,33.0,0.0,40.0,88.0,607.0,0.0,325.0,723.0,392.0,0.0,338.0,597.0,285.0,151.0,36.0,0.0,0.0,0.0,33.0,0.0,0.0,0.0,772.0,668.0,0.0,638.0,264.0,150.0,352.0,36.0
吕梁,2023-11-01,27.0,719.0,123.0,37.0,0.0,17.0,86.0,657.0,0.0,320.0,909.0,437.0,0.0,293.0,699.0,281.0,329.0,27.0,0.0,0.0,0.0,37.0,0.0,0.0,0.0,945.0,721.0,0.0,798.0,219.0,158.0,464.0,27.0
吕梁,2023-12-01,27.0,662.0,107.0,1.0,0.0,41.0,87.0,543.0,0.0,140.0,749.0,579.0,0.0,318.0,589.0,299.0,234.0,27.0,0.0,0.0,0.0,1.0,0.0,0.0,0.0,765.0,703.0,0.0,534.0,206.0,245.0,467.0,16.0
吕梁,2024-01-01,19.0,624.0,158.0,17.0,0.0,43.0,73.0,666.0,0.0,582.0,807.0,211.0,0.0,341.0,639.0,262.0,322.0,19.0,0.0,0.0,0.0,17.0,0.0,0.0,0.0,846.0,754.0,0.0,691.0,229.0,167.0,491.0,22.0
吕梁,2024-02-01,9.0,713.0,115.0,29.0,0.0,61.0,54.0,678.0,0.0,415.0,933.0,311.0,0.0,300.0,736.0,286.0,299.0,9.0,0.0,0.0,0.0,29.0,0.0,0.0,0.0,952.0,707.0,0.0,675.0,247.0,283.0,419.0,35.0
吕梁,2024-03-01,10.0,753.0,68.0,17.0,0.0,63.0,66.0,632.0,0.0,486.0,783.0,340.0,0.0,387.0,648.0,295.0,252.0,10.0,0.0,0.0,0.0,17.0,0.0,0.0,0.0,827.0,782.0,0.0,595.0,255.0,256.0,483.0,20.0
吕梁,2024-04-01,39.0,694.0,105.0,1.0,0.0,43.0,102.0,515.0,0.0,417.0,679.0,403.0,0.0,395.0,584.0,201.0,279.0,39.0,0.0,0.0,0.0,1.0,0.0,0.0,0.0,667.0,832.0,0.0,488.0,243.0,194.0,537.0,37.0
吕梁,2024-05-01,32.0,719.0,161.0,1.0,0.0,13.0,91.0,610.0,0.0,426.0,825.0,376.0,0.0,293.0,750.0,255.0,296.0,32.0,0.0,0.0,0.0,1.0,0.0,0.0,0.0,871.0,756.0,0.0,633.0,192.0,276.0,503.0,23.0
吕梁,2024-06-01,33.0,601.0,155.0,32.0,0.0,64.0,71.0,595.0,0.0,473.0,707.0,371.0,0.0,391.0,598.0,272.0,225.0,33.0,0.0,0.0,0.0,32.0,0.0,0.0,0.0,761.0,790.0,0.0,488.0,267.0,296.0,496.0,4.0
吕梁,2024-07-01,38.0,684.0,109.0,18.0,0.0,76.0,88.0,600.0,0.0,378.0,937.0,298.0,0.0,279.0,783.0,277.0,218.0,38.0,0.0,0.0,0.0,18.0,0.0,0.0,0.0,946.0,667.0,0.0,701.0,158.0,256.0,483.0,15.0
吕梁,2024-08-01,21.0,560.0,170.0,15.0,0.0,51.0,89.0,623.0,0.0,339.0,895.0,295.0,0.0,257.0,722.0,239.0,275.0,21.0,0.0,0.0,0.0,15.0,0.0,0.0,0.0,932.0,597.0,0.0,652.0,178.0,316.0,371.0,12.0
吕梁,2024-09-01,26.0,450.0,156.0,13.0,0.0,57.0,86.0,524.0,0.0,285.0,740.0,287.0,0.0,241.0,576.0,182.0,274.0,26.0,0.0,0.0,0.0,13.0,0.0,0.0,0.0,760.0,552.0,0.0,503.0,145.0,268.0,374.0,22.0
大同,2022-06-01,301.0,1749.0,304.0,63.0,0.0,27.0,61.0,707.0,0.0,645.0,1510.0,1057.0,35.0,323.0,1260.0,371.0,743.0,159.0,87.0,146.0,29.0,59.0,0.0,0.0,0.0,2074.0,1113.0,25.0,1912.0,236.0,374.0,690.0,0.0
大同,2022-07-01,179.0,1248.0,178.0,52.0,0.0,23.0,41.0,465.0,0.0,656.0,1020.0,510.0,12.0,260.0,812.0,321.0,488.0,95.0,49.0,98.0,13.0,38.0,0.0,0.0,0.0,1327.0,839.0,20.0,1126.0,125.0,340.0,595.0,0.0
大同,2022-08-01,254.0,2108.0,306.0,91.0,0.0,17.0,74.0,814.0,0.0,885.0,1575.0,1204.0,10.0,411.0,1514.0,436.0,868.0,197.0,65.0,92.0,14.0,57.0,0.0,0.0,0.0,2249.0,1409.0,6.0,2085.0,203.0,359.0,1017.0,0.0
大同,2022-09-01,280.0,1797.0,274.0,64.0,0.0,39.0,50.0,870.0,0.0,548.0,1465.0,1361.0,13.0,499.0,1424.0,359.0,724.0,103.0,87.0,96.0,26.0,43.0,0.0,0.0,0.0,2100.0,1263.0,11.0,1983.0,119.0,362.0,910.0,0.0
大同,2022-10-01,156.0,1825.0,341.0,68.0,0.0,3.0,54.0,653.0,0.0,891.0,1483.0,726.0,30.0,341.0,1102.0,387.0,836.0,217.0,12.0,110.0,31.0,34.0,0.0,0.0,0.0,1990.0,1106.0,4.0,1777.0,182.0,341.0,800.0,0.0
大同,2022-11-01,256.0,1750.0,236.0,92.0,0.0,5.0,60.0,734.0,0.0,724.0,1589.0,820.0,27.0,214.0,1220.0,381.0,843.0,140.0,67.0,155.0,32.0,54.0,0.0,0.0,0.0,2055.0,1052.0,26.0,1881.0,151.0,343.0,758.0,0.0
大同,2022-12-01,228.0,2058.0,241.0,40.0,0.0,14.0,64.0,633.0,11.0,780.0,1479.0,1008.0,2.0,347.0,1298.0,388.0,940.0,112.0,65.0,97.0,18.0,11.0,0.0,0.0,0.0,1976.0,1286.0,16.0,1799.0,223.0,378.0,867.0,11.0
大同,2023-01-01,315.0,1739.0,241.0,39.0,0.0,29.0,30.0,727.0,0.0,1148.0,1110.0,862.0,34.0,392.0,1243.0,470.0,620.0,160.0,65.0,108.0,1.0,27.0,0.0,0.0,0.0,1795.0,1296.0,29.0,1711.0,238.0,327.0,844.0,0.0
大同,2023-02-01,248.0,2059.0,411.0,46.0,0.0,29.0,67.0,706.0,0.0,937.0,1695.0,934.0,9.0,387.0,1347.0,381.0,1000.0,187.0,34.0,165.0,21.0,35.0,0.0,0.0,0.0,2217.0,1321.0,28.0,1969.0,260.0,433.0,904.0,0.0
大同,2023-03-01,273.0,2092.0,252.0,53.0,0.0,5.0,10.0,700.0,0.0,1193.0,1631.0,561.0,27.0,285.0,1249.0,455.0,958.0,137.0,103.0,132.0,10.0,29.0,0.0,0.0,0.0,2140.0,1220.0,25.0,1930.0,184.0,399.0,872.0,0.0
大同,2023-04-01,280.0,1935.0,151.0,33.0,0.0,34.0,36.0,712.0,0.0,1240.0,1320.0,621.0,36.0,435.0,1338.0,505.0,575.0,98.0,19.0,131.0,17.0,27.0,0.0,0.0,0.0,1920.0,1244.0,17.0,1778.0,235.0,401.0,767.0,0.0
大同,2023-05-01,149.0,2073.0,219.0,54.0,0.0,35.0,36.0,697.0,22.0,773.0,1433.0,1035.0,36.0,228.0,1255.0,475.0,896.0,172.0,38.0,122.0,6.0,35.0,0.0,0.0,0.0,2209.0,1040.0,14.0,1912.0,170.0,406.0,753.0,22.0
大同,2023-06-01,209.0,2150.0,267.0,59.0,0.0,19.0,54.0,571.0,15.0,989.0,1588.0,737.0,5.0,336.0,1218.0,455.0,919.0,142.0,69.0,137.0,8.0,40.0,0.0,0.0,0.0,2127.0,1186.0,16.0,1956.0,183.0,340.0,835.0,15.0
大同,2023-07-01,217.0,2032.0,266.0,39.0,0.0,6.0,14.0,711.0,0.0,905.0,1503.0,877.0,29.0,310.0,1267.0,412.0,890.0,136.0,42.0,158.0,21.0,20.0,0.0,0.0,0.0,2077.0,1184.0,24.0,1836.0,187.0,397.0,865.0,0.0
大同,2023-08-01,197.0,1700.0,197.0,66.0,0.0,22.0,55.0,709.0,14.0,1074.0,1270.0,588.0,15.0,255.0,1232.0,440.0,606.0,185.0,50.0,113.0,24.0,26.0,0.0,0.0,0.0,1813.0,1121.0,12.0,1600.0,180.0,333.0,819.0,14.0
大同,2023-09-01,275.0,1832.0,279.0,39.0,0.0,27.0,25.0,811.0,0.0,1017.0,1643.0,628.0,21.0,367.0,1245.0,347.0,953.0,123.0,64.0,122.0,10.0,36.0,0.0,0.0,0.0,2155.0,1131.0,2.0,1926.0,259.0,391.0,712.0,0.0
大同,2023-10-01,216.0,1930.0,322.0,32.0,0.0,36.0,52.0,789.0,42.0,1080.0,1482.0,773.0,26.0,314.0,1431.0,451.0,716.0,138.0,95.0,183.0,7.0,16.0,0.0,0.0,0.0,2071.0,1278.0,28.0,1827.0,300.0,428.0,780.0,42.0
大同,2023-11-01,182.0,1739.0,232.0,80.0,0.0,36.0,32.0,709.0,34.0,1085.0,1160.0,731.0,9.0,304.0,1361.0,263.0,702.0,184.0,55.0,89.0,2.0,41.0,0.0,0.0,0.0,1714.0,1293.0,3.0,1606.0,187.0,230.0,953.0,34.0
大同,2023-12-01,279.0,1963.0,174.0,60.0,0.0,16.0,39.0,741.0,74.0,1051.0,1411.0,736.0,28.0,353.0,1288.0,415.0,704.0,171.0,110.0,122.0,23.0,58.0,0.0,0.0,0.0,2048.0,1206.0,18.0,1873.0,162.0,383.0,780.0,74.0
大同,2024-01-01,253.0,2283.0,203.0,68.0,0.0,6.0,12.0,747.0,72.0,815.0,1780.0,905.0,7.0,348.0,1255.0,429.0,1102.0,150.0,118.0,82.0,21.0,60.0,0.0,0.0,0.0,2341.0,1228.0,3.0,2139.0,124.0,408.0,829.0,72.0
大同,2024-02-01,251.0,2244.0,203.0,73.0,0.0,17.0,32.0,759.0,187.0,622.0,1553.0,1217.0,3.0,327.0,1360.0,426.0,861.0,98.0,241.0,169.0,13.0,81.0,0.0,0.0,0.0,2127.0,1428.0,24.0,1873.0,218.0,446.0,855.0,187.0
大同,2024-03-01,358.0,2122.0,323.0,57.0,0.0,11.0,43.0,570.0,72.0,1237.0,1611.0,564.0,32.0,338.0,1295.0,320.0,958.0,216.0,88.0,165.0,17.0,55.0,0.0,0.0,0.0,2240.0,1206.0,38.0,2084.0,139.0,414.0,775.0,72.0
大同,2024-04-01,236.0,1785.0,316.0,78.0,0.0,32.0,29.0,757.0,47.0,889.0,1467.0,830.0,25.0,293.0,1316.0,419.0,707.0,191.0,81.0,111.0,32.0,58.0,0.0,0.0,0.0,1928.0,1277.0,28.0,1642.0,218.0,437.0,889.0,47.0
大同,2024-05-01,285.0,2146.0,222.0,83.0,0.0,29.0,41.0,664.0,43.0,1116.0,1518.0,793.0,31.0,409.0,1388.0,450.0,802.0,128.0,43.0,100.0,38.0,81.0,0.0,0.0,0.0,1997.0,1460.0,13.0,1848.0,336.0,370.0,873.0,43.0
大同,2024-06-01,268.0,2097.0,208.0,62.0,0.0,2.0,42.0,765.0,57.0,816.0,1397.0,1174.0,21.0,400.0,1307.0,534.0,691.0,226.0,45.0,128.0,31.0,61.0,0.0,0.0,0.0,2156.0,1273.0,15.0,1963.0,174.0,431.0,819.0,57.0
大同,2024-07-01,255.0,2160.0,356.0,103.0,0.0,5.0,47.0,529.0,77.0,851.0,1664.0,863.0,14.0,337.0,1201.0,437.0,1001.0,156.0,66.0,118.0,21.0,104.0,0.0,0.0,0.0,2269.0,1162.0,24.0,2046.0,243.0,433.0,656.0,77.0
大同,2024-08-01,245.0,2193.0,281.0,93.0,0.0,4.0,47.0,573.0,86.0,819.0,1652.0,879.0,27.0,318.0,1146.0,522.0,996.0,207.0,21.0,77.0,40.0,82.0,0.0,0.0,0.0,2143.0,1273.0,20.0,1910.0,181.0,432.0,838.0,75.0
大同,2024-09-01,274.0,2119.0,343.0,88.0,0.0,40.0,60.0,778.0,126.0,1132.0,1531.0,913.0,35.0,386.0,1476.0,499.0,768.0,231.0,84.0,109.0,24.0,90.0,0.0,0.0,0.0,2222.0,1472.0,8.0,1993.0,210.0,440.0,933.0,126.0
太原,2022-06-01,1618.0,7664.0,1857.0,861.0,49.0,587.0,757.0,5447.0,488.0,3641.0,9235.0,5476.0,70.0,2100.0,5303.0,3262.0,2677.0,1181.0,1300.0,1325.0,753.0,781.0,88.0,0.0,0.0,11469.0,6980.0,391.0,9384.0,885.0,3333.0,3783.0,1455.0
太原,2022-07-01,817.0,5464.0,1254.0,630.0,28.0,280.0,334.0,3381.0,210.0,2065.0,6229.0,3684.0,48.0,1046.0,3634.0,2317.0,1983.0,762.0,649.0,710.0,492.0,504.0,43.0,0.0,0.0,7596.0,4313.0,279.0,5740.0,644.0,2489.0,2567.0,748.0
太原,2022-08-01,1184.0,8198.0,1918.0,653.0,28.0,506.0,546.0,5083.0,347.0,3940.0,9124.0,4705.0,89.0,1747.0,5541.0,3841.0,2574.0,953.0,942.0,1113.0,800.0,473.0,43.0,0.0,0.0,11310.0,6536.0,270.0,8997.0,809.0,3330.0,3757.0,1223.0
太原,2022-09-01,1229.0,8794.0,1804.0,1005.0,49.0,289.0,707.0,5044.0,624.0,3636.0,8728.0,5933.0,81.0,2089.0,5415.0,3203.0,3228.0,864.0,1149.0,1279.0,775.0,757.0,81.0,0.0,0.0,10744.0,7773.0,404.0,8687.0,913.0,3281.0,4521.0,1519.0
太原,2022-10-01,1232.0,8372.0,2027.0,865.0,34.0,657.0,230.0,5221.0,444.0,4016.0,8591.0,5587.0,123.0,1427.0,5796.0,3627.0,2487.0,1279.0,848.0,1215.0,1094.0,671.0,71.0,0.0,0.0,11142.0,7087.0,409.0,8528.0,1003.0,3654.0,4210.0,1243.0
太原,2022-11-01,1223.0,8399.0,2099.0,821.0,60.0,387.0,569.0,4491.0,532.0,3478.0,9035.0,5004.0,51.0,1806.0,4582.0,3420.0,3200.0,1179.0,1005.0,1167.0,813.0,726.0,100.0,0.0,0.0,10620.0,6975.0,454.0,8448.0,981.0,3292.0,3960.0,1368.0
太原,2022-12-01,1488.0,8559.0,1962.0,920.0,53.0,358.0,633.0,4392.0,686.0,3856.0,8900.0,4923.0,76.0,1912.0,4799.0,3447.0,2925.0,949.0,883.0,1600.0,917.0,773.0,84.0,0.0,0.0,10606.0,7415.0,344.0,8346.0,972.0,3391.0,4200.0,1456.0
太原,2023-01-01,886.0,8760.0,1946.0,952.0,46.0,309.0,563.0,4270.0,791.0,5159.0,8567.0,3215.0,76.0,1572.0,4739.0,3280.0,2953.0,986.0,1024.0,1083.0,1148.0,799.0,72.0,0.0,0.0,10453.0,6995.0,284.0,7838.0,1040.0,3554.0,3631.0,1669.0
太原,2023-02-01,870.0,8781.0,1912.0,746.0,41.0,278.0,752.0,5009.0,695.0,4274.0,8749.0,4671.0,46.0,1698.0,5893.0,3344.0,2511.0,1025.0,1113.0,1229.0,867.0,614.0,49.0,0.0,0.0,10743.0,7254.0,392.0,8475.0,948.0,3297.0,4092.0,1577.0
太原,2023-03-01,1044.0,9190.0,1976.0,903.0,27.0,358.0,769.0,4466.0,960.0,3564.0,9146.0,5063.0,118.0,1839.0,5300.0,3445.0,2896.0,1031.0,1257.0,1356.0,673.0,790.0,28.0,0.0,0.0,11058.0,7397.0,278.0,8923.0,982.0,3118.0,3915.0,1795.0
太原,2023-04-01,846.0,8604.0,1870.0,621.0,25.0,205.0,602.0,4979.0,656.0,4546.0,8462.0,4088.0,66.0,1469.0,5233.0,3681.0,2943.0,922.0,930.0,1259.0,693.0,524.0,32.0,0.0,0.0,10502.0,7022.0,228.0,8363.0,815.0,2764.0,4177.0,1633.0
太原,2023-05-01,1246.0,9023.0,2262.0,717.0,70.0,303.0,553.0,4221.0,898.0,4486.0,8517.0,4494.0,108.0,1703.0,4994.0,3654.0,3068.0,917.0,1218.0,1559.0,625.0,460.0,89.0,0.0,0.0,10479.0,7554.0,362.0,8552.0,1012.0,2803.0,4153.0,1875.0
太原,2023-06-01,1295.0,8836.0,2117.0,755.0,28.0,492.0,622.0,5122.0,845.0,4308.0,9111.0,5003.0,130.0,1903.0,5746.0,3772.0,2768.0,977.0,1100.0,1415.0,907.0,515.0,34.0,0.0,0.0,11220.0,7817.0,230.0,9358.0,872.0,3020.0,4270.0,1747.0
太原,2023-07-01,1030.0,8688.0,1840.0,701.0,46.0,314.0,710.0,4981.0,883.0,3705.0,8985.0,4737.0,138.0,1712.0,5133.0,3655.0,2522.0,1149.0,1066.0,1582.0,627.0,673.0,53.0,0.0,0.0,11079.0,6815.0,416.0,8964.0,842.0,3146.0,3699.0,1659.0
太原,2023-08-01,1471.0,8665.0,2254.0,617.0,8.0,331.0,603.0,4896.0,929.0,5024.0,8596.0,4296.0,65.0,1694.0,5554.0,3650.0,3034.0,1005.0,915.0,1643.0,751.0,513.0,21.0,0.0,0.0,10859.0,7650.0,336.0,9074.0,1072.0,2887.0,4085.0,1727.0
太原,2023-09-01,1024.0,9796.0,1948.0,870.0,49.0,275.0,647.0,4677.0,1007.0,3651.0,8763.0,5865.0,75.0,1571.0,4950.0,4269.0,2896.0,1170.0,847.0,1836.0,1025.0,571.0,76.0,0.0,0.0,11134.0,7718.0,434.0,9114.0,1005.0,2912.0,4310.0,1945.0
太原,2023-10-01,1140.0,8995.0,2161.0,833.0,38.0,454.0,520.0,4921.0,1392.0,3308.0,8923.0,5439.0,98.0,1521.0,5237.0,3558.0,2915.0,1139.0,861.0,1847.0,1237.0,589.0,60.0,0.0,0.0,10884.0,7821.0,357.0,8055.0,891.0,3585.0,4058.0,2473.0
太原,2023-11-01,1256.0,9379.0,2024.0,880.0,30.0,188.0,519.0,4803.0,967.0,4403.0,8563.0,5146.0,37.0,1896.0,4691.0,4239.0,3023.0,979.0,1239.0,1557.0,755.0,614.0,49.0,0.0,0.0,10631.0,8089.0,359.0,8803.0,915.0,2936.0,4567.0,1858.0
太原,2023-12-01,824.0,9680.0,2111.0,613.0,42.0,313.0,593.0,4860.0,1550.0,4494.0,9259.0,3733.0,34.0,1581.0,5067.0,3690.0,3137.0,907.0,1268.0,1751.0,1097.0,382.0,122.0,0.0,0.0,10863.0,7760.0,413.0,8211.0,1057.0,3472.0,3958.0,2338.0
太原,2024-01-01,1315.0,8735.0,1890.0,753.0,29.0,575.0,526.0,5286.0,1116.0,3865.0,8885.0,5243.0,138.0,1753.0,5470.0,3857.0,2579.0,1036.0,1097.0,1483.0,945.0,662.0,89.0,0.0,0.0,10819.0,7881.0,409.0,8471.0,800.0,3472.0,4358.0,2008.0
太原,2024-02-01,1457.0,7964.0,1764.0,767.0,50.0,391.0,403.0,4260.0,774.0,4181.0,8022.0,4079.0,92.0,1799.0,4613.0,3164.0,2204.0,1221.0,1242.0,1211.0,688.0,730.0,92.0,0.0,0.0,10017.0,6709.0,330.0,8022.0,912.0,3083.0,3556.0,1483.0
太原,2024-03-01,1137.0,9683.0,2101.0,757.0,55.0,528.0,648.0,5535.0,1189.0,5063.0,9697.0,4495.0,130.0,1611.0,6312.0,3674.0,3054.0,1648.0,1077.0,1348.0,726.0,756.0,108.0,0.0,0.0,12065.0,8018.0,361.0,9840.0,966.0,3192.0,4306.0,2140.0
太原,2024-04-01,1126.0,8932.0,2217.0,695.0,30.0,536.0,484.0,4963.0,1234.0,5172.0,8864.0,3713.0,98.0,1531.0,5436.0,3906.0,2382.0,1481.0,1304.0,1416.0,820.0,560.0,49.0,0.0,0.0,10698.0,7902.0,383.0,8561.0,1028.0,3069.0,4120.0,2205.0
太原,2024-05-01,936.0,10004.0,2192.0,940.0,39.0,574.0,567.0,4631.0,1193.0,5295.0,9244.0,4151.0,77.0,1733.0,5585.0,3318.0,3037.0,1644.0,1294.0,1091.0,1089.0,964.0,51.0,0.0,0.0,11529.0,8009.0,345.0,9041.0,1053.0,3410.0,4247.0,2132.0
太原,2024-06-01,1093.0,8364.0,2282.0,729.0,56.0,430.0,676.0,4968.0,1537.0,3460.0,9265.0,4336.0,44.0,1754.0,4982.0,3490.0,2452.0,1799.0,1109.0,1179.0,885.0,834.0,70.0,0.0,0.0,10660.0,7567.0,371.0,8019.0,944.0,3540.0,3882.0,2213.0
太原,2024-07-01,1328.0,9371.0,1965.0,874.0,7.0,378.0,632.0,5103.0,1427.0,5535.0,8874.0,3822.0,90.0,1996.0,5074.0,3887.0,2802.0,1929.0,960.0,1128.0,956.0,812.0,24.0,0.0,0.0,11064.0,8280.0,314.0,9064.0,1109.0,3118.0,4188.0,2179.0
太原,2024-08-01,1218.0,9852.0,1855.0,869.0,35.0,441.0,583.0,4213.0,1363.0,4278.0,9005.0,4420.0,58.0,1682.0,4733.0,3875.0,2721.0,1960.0,931.0,1248.0,876.0,925.0,57.0,0.0,0.0,11192.0,7598.0,276.0,8794.0,867.0,3323.0,4001.0,2081.0
太原,2024-09-01,1128.0,9515.0,2191.0,736.0,61.0,324.0,627.0,4573.0,1676.0,3709.0,8852.0,4918.0,58.0,1759.0,4877.0,3781.0,3349.0,1697.0,1027.0,1138.0,689.0,718.0,62.0,0.0,0.0,10643.0,8171.0,341.0,8825.0,849.0,2949.0,3977.0,2555.0
忻州,2022-06-01,65.0,724.0,8.0,19.0,0.0,31.0,106.0,364.0,0.0,437.0,261.0,619.0,0.0,329.0,713.0,104.0,86.0,32.0,0.0,34.0,0.0,19.0,0.0,0.0,0.0,503.0,814.0,0.0,481.0,79.0,148.0,609.0,0.0
忻州,2022-07-01,38.0,526.0,33.0,11.0,0.0,37.0,49.0,307.0,0.0,408.0,206.0,387.0,0.0,194.0,492.0,182.0,93.0,13.0,0.0,16.0,0.0,11.0,0.0,0.0,0.0,344.0,657.0,0.0,281.0,83.0,118.0,519.0,0.0
忻州,2022-08-01,23.0,500.0,61.0,18.0,0.0,22.0,132.0,368.0,0.0,415.0,204.0,505.0,0.0,255.0,636.0,103.0,92.0,3.0,0.0,17.0,0.0,18.0,0.0,0.0,0.0,331.0,793.0,0.0,314.0,122.0,132.0,556.0,0.0
忻州,2022-09-01,32.0,621.0,17.0,25.0,0.0,24.0,96.0,725.0,0.0,586.0,330.0,624.0,0.0,202.0,815.0,328.0,112.0,31.0,0.0,27.0,0.0,25.0,0.0,0.0,0.0,605.0,935.0,0.0,475.0,94.0,199.0,772.0,0.0
忻州,2022-10-01,56.0,747.0,68.0,2.0,0.0,27.0,130.0,518.0,0.0,648.0,286.0,614.0,0.0,295.0,733.0,316.0,156.0,8.0,0.0,38.0,0.0,2.0,0.0,0.0,0.0,563.0,985.0,0.0,544.0,80.0,165.0,759.0,0.0
忻州,2022-11-01,6.0,593.0,25.0,29.0,0.0,15.0,92.0,681.0,0.0,371.0,294.0,776.0,0.0,240.0,721.0,319.0,105.0,22.0,0.0,5.0,0.0,29.0,0.0,0.0,0.0,670.0,771.0,0.0,554.0,42.0,197.0,648.0,0.0
忻州,2022-12-01,5.0,735.0,42.0,35.0,0.0,52.0,76.0,480.0,0.0,617.0,313.0,495.0,0.0,234.0,858.0,183.0,104.0,8.0,0.0,3.0,0.0,35.0,0.0,0.0,0.0,521.0,904.0,0.0,425.0,126.0,162.0,712.0,0.0
忻州,2023-01-01,27.0,638.0,57.0,19.0,0.0,69.0,45.0,710.0,0.0,303.0,257.0,1005.0,0.0,235.0,674.0,470.0,131.0,15.0,0.0,21.0,0.0,19.0,0.0,0.0,0.0,597.0,968.0,0.0,466.0,81.0,175.0,843.0,0.0
忻州,2023-02-01,53.0,738.0,32.0,26.0,0.0,73.0,89.0,474.0,0.0,682.0,358.0,445.0,0.0,265.0,807.0,256.0,108.0,10.0,0.0,13.0,0.0,26.0,0.0,0.0,0.0,645.0,840.0,0.0,554.0,41.0,193.0,697.0,0.0
忻州,2023-03-01,25.0,562.0,47.0,24.0,0.0,49.0,150.0,561.0,0.0,374.0,281.0,763.0,0.0,360.0,566.0,345.0,117.0,2.0,0.0,4.0,0.0,24.0,0.0,0.0,0.0,427.0,991.0,0.0,402.0,94.0,181.0,741.0,0.0
忻州,2023-04-01,42.0,684.0,37.0,31.0,0.0,63.0,114.0,431.0,0.0,554.0,301.0,547.0,0.0,305.0,774.0,114.0,114.0,26.0,0.0,38.0,0.0,31.0,0.0,0.0,0.0,565.0,837.0,0.0,461.0,109.0,184.0,648.0,0.0
忻州,2023-05-01,46.0,729.0,19.0,40.0,0.0,37.0,132.0,740.0,0.0,768.0,280.0,695.0,0.0,355.0,754.0,488.0,65.0,18.0,0.0,23.0,0.0,40.0,0.0,0.0,0.0,538.0,1205.0,0.0,510.0,64.0,159.0,1010.0,0.0
忻州,2023-06-01,48.0,575.0,19.0,25.0,0.0,69.0,100.0,746.0,0.0,721.0,293.0,568.0,0.0,315.0,768.0,412.0,43.0,2.0,0.0,17.0,0.0,25.0,0.0,0.0,0.0,572.0,1010.0,0.0,500.0,133.0,163.0,786.0,0.0
忻州,2023-07-01,35.0,775.0,35.0,35.0,0.0,10.0,151.0,499.0,0.0,549.0,320.0,671.0,0.0,314.0,714.0,319.0,114.0,24.0,0.0,20.0,0.0,35.0,0.0,0.0,0.0,564.0,976.0,0.0,555.0,129.0,152.0,704.0,0.0
忻州,2023-08-01,25.0,478.0,23.0,1.0,0.0,41.0,80.0,490.0,0.0,530.0,291.0,317.0,0.0,284.0,606.0,126.0,88.0,9.0,0.0,24.0,0.0,1.0,0.0,0.0,0.0,469.0,669.0,0.0,364.0,102.0,159.0,513.0,0.0
忻州,2023-09-01,40.0,708.0,34.0,35.0,0.0,52.0,97.0,530.0,0.0,799.0,273.0,424.0,0.0,323.0,730.0,281.0,109.0,6.0,0.0,12.0,0.0,35.0,0.0,0.0,0.0,489.0,1007.0,0.0,403.0,97.0,181.0,815.0,0.0
忻州,2023-10-01,16.0,795.0,36.0,39.0,0.0,48.0,128.0,489.0,0.0,612.0,301.0,638.0,0.0,309.0,841.0,236.0,91.0,23.0,0.0,12.0,0.0,39.0,0.0,0.0,0.0,597.0,954.0,0.0,552.0,122.0,156.0,721.0,0.0
忻州,2023-11-01,68.0,699.0,57.0,27.0,0.0,17.0,101.0,586.0,0.0,639.0,280.0,636.0,0.0,324.0,791.0,216.0,130.0,39.0,0.0,28.0,0.0,27.0,0.0,0.0,0.0,634.0,921.0,0.0,612.0,92.0,155.0,696.0,0.0
忻州,2023-12-01,72.0,695.0,37.0,21.0,0.0,43.0,98.0,585.0,0.0,503.0,321.0,727.0,0.0,320.0,707.0,301.0,132.0,33.0,0.0,37.0,0.0,21.0,0.0,0.0,0.0,609.0,942.0,0.0,513.0,75.0,222.0,741.0,0.0
忻州,2024-01-01,34.0,707.0,52.0,7.0,0.0,76.0,64.0,598.0,0.0,661.0,327.0,550.0,0.0,252.0,758.0,398.0,96.0,17.0,0.0,10.0,0.0,7.0,0.0,0.0,0.0,472.0,1066.0,0.0,361.0,85.0,170.0,922.0,0.0
忻州,2024-02-01,63.0,647.0,51.0,18.0,0.0,63.0,163.0,522.0,0.0,807.0,207.0,513.0,0.0,392.0,845.0,147.0,72.0,18.0,0.0,35.0,0.0,18.0,0.0,0.0,0.0,477.0,1050.0,0.0,495.0,130.0,141.0,761.0,0.0
忻州,2024-03-01,59.0,713.0,32.0,29.0,0.0,30.0,143.0,374.0,0.0,575.0,339.0,466.0,0.0,333.0,719.0,137.0,104.0,32.0,0.0,26.0,0.0,29.0,0.0,0.0,0.0,562.0,818.0,0.0,506.0,72.0,194.0,608.0,0.0
忻州,2024-04-01,23.0,709.0,55.0,18.0,0.0,33.0,59.0,723.0,0.0,401.0,272.0,947.0,0.0,212.0,835.0,392.0,122.0,27.0,0.0,14.0,0.0,18.0,0.0,0.0,0.0,564.0,1056.0,0.0,446.0,132.0,158.0,884.0,0.0
忻州,2024-05-01,54.0,615.0,40.0,40.0,0.0,43.0,119.0,672.0,0.0,664.0,316.0,603.0,0.0,313.0,733.0,356.0,87.0,37.0,0.0,17.0,0.0,40.0,0.0,0.0,0.0,568.0,1015.0,0.0,549.0,118.0,156.0,760.0,0.0
忻州,2024-06-01,41.0,597.0,44.0,14.0,0.0,10.0,73.0,542.0,0.0,674.0,213.0,434.0,0.0,205.0,658.0,307.0,79.0,29.0,0.0,29.0,0.0,14.0,0.0,0.0,0.0,428.0,893.0,0.0,415.0,94.0,76.0,736.0,0.0
忻州,2024-07-01,29.0,729.0,6.0,25.0,0.0,49.0,56.0,751.0,0.0,316.0,255.0,1074.0,0.0,206.0,818.0,475.0,77.0,18.0,0.0,26.0,0.0,25.0,0.0,0.0,0.0,472.0,1173.0,0.0,388.0,101.0,117.0,1039.0,0.0
忻州,2024-08-01,58.0,631.0,39.0,7.0,0.0,23.0,142.0,446.0,0.0,382.0,263.0,701.0,0.0,301.0,634.0,237.0,97.0,38.0,0.0,32.0,0.0,7.0,0.0,0.0,0.0,523.0,823.0,0.0,528.0,79.0,148.0,591.0,0.0
忻州,2024-09-01,40.0,584.0,20.0,29.0,0.0,50.0,74.0,692.0,0.0,312.0,306.0,871.0,0.0,285.0,755.0,317.0,90.0,2.0,0.0,11.0,0.0,29.0,0.0,0.0,0.0,525.0,964.0,0.0,423.0,89.0,202.0,775.0,0.0
晋中,2022-06-01,266.0,1866.0,487.0,44.0,0.0,39.0,235.0,869.0,0.0,985.0,1299.0,1522.0,21.0,751.0,1532.0,391.0,740.0,160.0,0.0,135.0,53.0,23.0,0.0,0.0,0.0,1824.0,1942.0,40.0,1611.0,583.0,637.0,975.0,0.0
晋中,2022-07-01,142.0,1146.0,233.0,60.0,0.0,49.0,117.0,586.0,0.0,651.0,778.0,904.0,17.0,453.0,968.0,269.0,385.0,117.0,0.0,65.0,23.0,36.0,0.0,0.0,0.0,1135.0,1183.0,15.0,997.0,308.0,359.0,669.0,0.0
晋中,2022-08-01,339.0,1762.0,412.0,104.0,0.0,80.0,28.0,728.0,0.0,1099.0,1081.0,1273.0,24.0,418.0,1531.0,441.0,598.0,150.0,0.0,196.0,39.0,56.0,0.0,0.0,0.0,1754.0,1668.0,31.0,1410.0,446.0,571.0,1026.0,0.0
晋中,2022-09-01,232.0,1724.0,474.0,124.0,0.0,52.0,275.0,584.0,0.0,1028.0,1106.0,1331.0,3.0,824.0,1212.0,299.0,690.0,161.0,0.0,147.0,79.0,50.0,0.0,0.0,0.0,1609.0,1827.0,29.0,1452.0,444.0,603.0,966.0,0.0
晋中,2022-10-01,237.0,2001.0,458.0,63.0,0.0,64.0,212.0,910.0,0.0,1506.0,1407.0,1032.0,6.0,802.0,1526.0,459.0,846.0,141.0,0.0,116.0,18.0,31.0,0.0,0.0,0.0,1879.0,2043.0,23.0,1470.0,529.0,741.0,1205.0,0.0
晋中,2022-11-01,180.0,1818.0,556.0,75.0,0.0,57.0,366.0,854.0,0.0,1345.0,1338.0,1223.0,2.0,900.0,1456.0,408.0,805.0,112.0,0.0,136.0,39.0,48.0,0.0,0.0,0.0,1925.0,1947.0,34.0,1711.0,499.0,707.0,989.0,0.0
晋中,2022-12-01,338.0,1902.0,336.0,40.0,0.0,36.0,380.0,915.0,0.0,1466.0,1169.0,1312.0,21.0,962.0,1445.0,569.0,636.0,97.0,0.0,173.0,19.0,25.0,0.0,0.0,0.0,1797.0,2139.0,11.0,1694.0,446.0,701.0,1106.0,0.0
晋中,2023-01-01,259.0,2014.0,329.0,75.0,0.0,42.0,347.0,865.0,0.0,1585.0,1087.0,1259.0,13.0,882.0,1593.0,468.0,656.0,109.0,0.0,166.0,11.0,33.0,0.0,0.0,0.0,1634.0,2261.0,36.0,1467.0,614.0,635.0,1215.0,0.0
晋中,2023-02-01,309.0,1852.0,525.0,79.0,0.0,76.0,145.0,803.0,0.0,1467.0,1214.0,1108.0,34.0,738.0,1529.0,456.0,766.0,103.0,0.0,120.0,18.0,25.0,0.0,0.0,0.0,1914.0,1841.0,34.0,1716.0,373.0,621.0,1079.0,0.0
晋中,2023-03-01,238.0,1627.0,332.0,73.0,0.0,99.0,192.0,924.0,0.0,1027.0,1114.0,1344.0,7.0,755.0,1326.0,534.0,598.0,90.0,0.0,114.0,36.0,25.0,0.0,0.0,0.0,1723.0,1725.0,37.0,1475.0,360.0,612.0,1038.0,0.0
晋中,2023-04-01,281.0,2067.0,491.0,92.0,0.0,46.0,74.0,784.0,11.0,1033.0,1253.0,1538.0,20.0,565.0,1758.0,415.0,609.0,185.0,0.0,183.0,52.0,48.0,0.0,0.0,0.0,1892.0,1912.0,31.0,1515.0,552.0,654.0,1103.0,11.0
晋中,2023-05-01,354.0,1871.0,428.0,66.0,0.0,36.0,314.0,943.0,11.0,1508.0,1052.0,1441.0,30.0,950.0,1584.0,403.0,573.0,197.0,0.0,187.0,56.0,32.0,0.0,0.0,0.0,1818.0,2161.0,33.0,1862.0,555.0,500.0,1084.0,11.0
晋中,2023-06-01,243.0,1842.0,510.0,44.0,0.0,103.0,218.0,910.0,11.0,1636.0,1178.0,1045.0,31.0,900.0,1590.0,389.0,654.0,149.0,0.0,85.0,52.0,20.0,0.0,0.0,0.0,1784.0,2079.0,7.0,1572.0,576.0,634.0,1077.0,11.0
晋中,2023-07-01,360.0,1820.0,488.0,105.0,0.0,61.0,431.0,963.0,0.0,1347.0,1164.0,1717.0,37.0,1139.0,1586.0,402.0,706.0,108.0,0.0,138.0,47.0,65.0,0.0,0.0,0.0,1766.0,2438.0,24.0,1837.0,608.0,588.0,1195.0,0.0
晋中,2023-08-01,288.0,1526.0,348.0,98.0,0.0,26.0,380.0,951.0,0.0,949.0,1118.0,1550.0,2.0,910.0,1390.0,320.0,594.0,108.0,0.0,198.0,38.0,57.0,0.0,0.0,0.0,1617.0,1973.0,27.0,1503.0,449.0,667.0,998.0,0.0
晋中,2023-09-01,193.0,1894.0,327.0,50.0,0.0,55.0,347.0,729.0,0.0,1003.0,994.0,1598.0,8.0,835.0,1494.0,325.0,670.0,76.0,0.0,125.0,29.0,33.0,0.0,0.0,0.0,1574.0,1995.0,26.0,1597.0,527.0,461.0,1010.0,0.0
晋中,2023-10-01,256.0,1942.0,453.0,83.0,0.0,99.0,439.0,779.0,13.0,1720.0,1417.0,901.0,36.0,843.0,1542.0,476.0,835.0,101.0,0.0,132.0,64.0,22.0,0.0,0.0,0.0,2128.0,1894.0,29.0,1886.0,410.0,810.0,932.0,13.0
晋中,2023-11-01,218.0,1647.0,341.0,90.0,0.0,85.0,351.0,839.0,0.0,1009.0,1118.0,1444.0,6.0,786.0,1383.0,465.0,556.0,142.0,0.0,149.0,41.0,43.0,0.0,0.0,0.0,1743.0,1817.0,11.0,1617.0,509.0,557.0,888.0,0.0
晋中,2023-12-01,335.0,1762.0,382.0,53.0,0.0,48.0,250.0,1121.0,0.0,1457.0,1269.0,1225.0,39.0,783.0,1659.0,468.0,546.0,177.0,0.0,207.0,66.0,6.0,0.0,0.0,0.0,1894.0,2017.0,40.0,1716.0,508.0,638.0,1089.0,0.0
晋中,2024-01-01,275.0,1667.0,541.0,88.0,0.0,76.0,373.0,923.0,15.0,1042.0,1223.0,1663.0,35.0,895.0,1540.0,388.0,712.0,193.0,0.0,129.0,6.0,45.0,0.0,0.0,0.0,1720.0,2188.0,35.0,1685.0,480.0,632.0,1131.0,15.0
晋中,2024-02-01,310.0,1827.0,387.0,79.0,0.0,69.0,230.0,964.0,12.0,1227.0,1214.0,1413.0,12.0,801.0,1634.0,370.0,696.0,148.0,12.0,114.0,46.0,33.0,0.0,0.0,0.0,1642.0,2188.0,36.0,1420.0,527.0,711.0,1196.0,12.0
晋中,2024-03-01,387.0,1915.0,293.0,82.0,0.0,31.0,361.0,911.0,0.0,1825.0,963.0,1192.0,29.0,994.0,1681.0,360.0,537.0,129.0,0.0,168.0,32.0,50.0,0.0,0.0,0.0,1641.0,2324.0,15.0,1733.0,562.0,497.0,1188.0,0.0
晋中,2024-04-01,378.0,1744.0,420.0,85.0,0.0,51.0,411.0,881.0,0.0,1080.0,1202.0,1688.0,26.0,943.0,1459.0,511.0,639.0,117.0,0.0,189.0,62.0,24.0,0.0,0.0,0.0,1971.0,1989.0,10.0,1946.0,385.0,671.0,968.0,0.0
晋中,2024-05-01,249.0,1771.0,436.0,43.0,0.0,80.0,55.0,976.0,0.0,1200.0,1311.0,1099.0,33.0,549.0,1507.0,603.0,678.0,101.0,0.0,81.0,29.0,29.0,0.0,0.0,0.0,1846.0,1744.0,20.0,1480.0,417.0,629.0,1084.0,0.0
晋中,2024-06-01,238.0,1710.0,398.0,70.0,0.0,21.0,42.0,850.0,13.0,835.0,1023.0,1458.0,8.0,489.0,1605.0,394.0,519.0,135.0,13.0,91.0,27.0,48.0,0.0,0.0,0.0,1514.0,1806.0,9.0,1196.0,467.0,541.0,1112.0,13.0
晋中,2024-07-01,296.0,1982.0,330.0,123.0,0.0,43.0,93.0,731.0,28.0,743.0,1052.0,1775.0,17.0,671.0,1517.0,373.0,540.0,183.0,14.0,170.0,66.0,47.0,0.0,0.0,0.0,1639.0,1932.0,27.0,1335.0,602.0,588.0,1045.0,28.0
晋中,2024-08-01,191.0,1631.0,518.0,112.0,0.0,104.0,393.0,781.0,12.0,1542.0,1251.0,925.0,39.0,1042.0,1208.0,327.0,768.0,164.0,0.0,67.0,61.0,54.0,0.0,0.0,0.0,1637.0,2086.0,7.0,1444.0,494.0,712.0,1068.0,12.0
晋中,2024-09-01,373.0,1920.0,551.0,87.0,0.0,103.0,301.0,754.0,23.0,927.0,1360.0,1779.0,6.0,753.0,1605.0,475.0,739.0,219.0,0.0,197.0,55.0,40.0,0.0,0.0,0.0,1932.0,2130.0,27.0,1763.0,511.0,687.0,1105.0,23.0
晋城,2022-06-01,126.0,607.0,95.0,34.0,0.0,57.0,120.0,478.0,0.0,387.0,690.0,440.0,0.0,362.0,530.0,246.0,244.0,38.0,38.0,30.0,0.0,29.0,0.0,0.0,0.0,854.0,663.0,0.0,817.0,195.0,137.0,368.0,0.0
晋城,2022-07-01,109.0,417.0,66.0,24.0,0.0,50.0,76.0,356.0,0.0,404.0,527.0,167.0,0.0,233.0,389.0,205.0,172.0,39.0,37.0,11.0,0.0,12.0,0.0,0.0,0.0,667.0,431.0,0.0,640.0,123.0,97.0,238.0,0.0
晋城,2022-08-01,148.0,684.0,123.0,26.0,0.0,55.0,150.0,395.0,0.0,523.0,731.0,327.0,0.0,409.0,531.0,255.0,232.0,73.0,58.0,16.0,0.0,7.0,0.0,0.0,0.0,906.0,675.0,0.0,905.0,139.0,169.0,368.0,0.0
晋城,2022-09-01,168.0,579.0,118.0,53.0,0.0,64.0,81.0,470.0,0.0,386.0,807.0,340.0,0.0,236.0,589.0,296.0,235.0,63.0,41.0,36.0,0.0,37.0,0.0,0.0,0.0,976.0,557.0,0.0,890.0,166.0,154.0,323.0,0.0
晋城,2022-10-01,154.0,664.0,124.0,41.0,0.0,57.0,144.0,469.0,0.0,404.0,792.0,457.0,0.0,439.0,484.0,304.0,276.0,40.0,32.0,40.0,0.0,38.0,0.0,0.0,0.0,1009.0,644.0,0.0,980.0,166.0,173.0,334.0,0.0
晋城,2022-11-01,112.0,675.0,78.0,39.0,0.0,68.0,167.0,467.0,0.0,458.0,779.0,369.0,0.0,422.0,471.0,358.0,226.0,23.0,60.0,10.0,0.0,36.0,0.0,0.0,0.0,986.0,620.0,0.0,951.0,168.0,178.0,309.0,0.0
晋城,2022-12-01,126.0,698.0,134.0,28.0,0.0,60.0,118.0,420.0,0.0,355.0,939.0,290.0,0.0,274.0,517.0,305.0,335.0,66.0,50.0,21.0,0.0,16.0,0.0,0.0,0.0,1113.0,471.0,0.0,1033.0,175.0,140.0,236.0,0.0
晋城,2023-01-01,108.0,674.0,85.0,26.0,0.0,99.0,95.0,328.0,0.0,370.0,718.0,327.0,0.0,315.0,457.0,330.0,229.0,13.0,26.0,26.0,0.0,19.0,0.0,0.0,0.0,904.0,511.0,0.0,825.0,99.0,158.0,333.0,0.0
晋城,2023-02-01,156.0,653.0,67.0,5.0,0.0,109.0,217.0,466.0,0.0,595.0,782.0,296.0,0.0,507.0,596.0,289.0,180.0,16.0,70.0,11.0,0.0,4.0,0.0,0.0,0.0,963.0,710.0,0.0,1001.0,182.0,136.0,354.0,0.0
晋城,2023-03-01,146.0,751.0,75.0,12.0,0.0,70.0,96.0,357.0,0.0,265.0,876.0,366.0,0.0,317.0,366.0,350.0,347.0,63.0,37.0,23.0,0.0,4.0,0.0,0.0,0.0,986.0,521.0,0.0,901.0,142.0,151.0,313.0,0.0
晋城,2023-04-01,195.0,593.0,86.0,46.0,0.0,44.0,176.0,485.0,0.0,261.0,783.0,581.0,0.0,371.0,516.0,347.0,200.0,63.0,50.0,39.0,0.0,39.0,0.0,0.0,0.0,1006.0,619.0,0.0,1022.0,182.0,129.0,292.0,0.0
晋城,2023-05-01,158.0,652.0,69.0,31.0,0.0,68.0,103.0,535.0,0.0,227.0,819.0,570.0,0.0,295.0,647.0,367.0,147.0,74.0,58.0,23.0,0.0,5.0,0.0,0.0,0.0,1063.0,553.0,0.0,1029.0,156.0,116.0,315.0,0.0
晋城,2023-06-01,117.0,707.0,39.0,40.0,0.0,83.0,196.0,477.0,0.0,495.0,774.0,390.0,0.0,419.0,534.0,410.0,173.0,58.0,36.0,28.0,0.0,1.0,0.0,0.0,0.0,969.0,690.0,0.0,981.0,178.0,120.0,380.0,0.0
晋城,2023-07-01,88.0,604.0,87.0,28.0,0.0,72.0,103.0,498.0,0.0,302.0,797.0,381.0,0.0,311.0,535.0,269.0,241.0,68.0,27.0,15.0,0.0,14.0,0.0,0.0,0.0,949.0,531.0,0.0,894.0,133.0,156.0,297.0,0.0
晋城,2023-08-01,143.0,652.0,81.0,42.0,0.0,90.0,197.0,562.0,0.0,410.0,887.0,470.0,0.0,418.0,666.0,272.0,229.0,72.0,51.0,25.0,0.0,34.0,0.0,0.0,0.0,1102.0,665.0,0.0,1067.0,183.0,179.0,338.0,0.0
晋城,2023-09-01,88.0,707.0,79.0,60.0,0.0,91.0,174.0,533.0,0.0,510.0,846.0,376.0,0.0,414.0,553.0,393.0,211.0,74.0,27.0,32.0,0.0,28.0,0.0,0.0,0.0,1033.0,699.0,0.0,1045.0,194.0,135.0,358.0,0.0
晋城,2023-10-01,152.0,515.0,76.0,48.0,0.0,92.0,151.0,408.0,0.0,370.0,680.0,392.0,0.0,358.0,495.0,191.0,194.0,73.0,77.0,26.0,0.0,28.0,0.0,0.0,0.0,840.0,602.0,0.0,812.0,169.0,141.0,320.0,0.0
晋城,2023-11-01,113.0,709.0,135.0,28.0,0.0,36.0,86.0,428.0,0.0,475.0,759.0,301.0,0.0,282.0,474.0,303.0,323.0,74.0,54.0,4.0,0.0,21.0,0.0,0.0,0.0,1046.0,489.0,0.0,995.0,171.0,147.0,222.0,0.0
晋城,2023-12-01,88.0,668.0,93.0,54.0,0.0,77.0,106.0,392.0,0.0,543.0,729.0,206.0,0.0,342.0,378.0,317.0,292.0,68.0,26.0,37.0,0.0,18.0,0.0,0.0,0.0,970.0,508.0,0.0,940.0,133.0,114.0,291.0,0.0
晋城,2024-01-01,108.0,858.0,111.0,53.0,0.0,67.0,195.0,363.0,21.0,619.0,827.0,288.0,0.0,425.0,436.0,427.0,328.0,62.0,49.0,6.0,0.0,22.0,0.0,0.0,0.0,1043.0,712.0,0.0,1052.0,145.0,166.0,371.0,21.0
晋城,2024-02-01,142.0,730.0,86.0,69.0,0.0,85.0,150.0,510.0,0.0,212.0,893.0,667.0,0.0,379.0,518.0,376.0,286.0,98.0,63.0,20.0,0.0,32.0,0.0,0.0,0.0,1116.0,656.0,0.0,1075.0,156.0,173.0,368.0,0.0
晋城,2024-03-01,141.0,911.0,86.0,59.0,0.0,88.0,175.0,479.0,13.0,545.0,940.0,441.0,0.0,366.0,655.0,429.0,285.0,92.0,36.0,38.0,0.0,38.0,0.0,0.0,0.0,1229.0,710.0,0.0,1185.0,160.0,191.0,390.0,13.0
晋城,2024-04-01,136.0,723.0,60.0,24.0,0.0,52.0,82.0,452.0,11.0,265.0,793.0,460.0,0.0,296.0,476.0,283.0,342.0,69.0,35.0,24.0,0.0,4.0,0.0,0.0,0.0,976.0,553.0,0.0,871.0,135.0,173.0,339.0,11.0
晋城,2024-05-01,88.0,531.0,67.0,46.0,0.0,61.0,88.0,499.0,0.0,296.0,754.0,330.0,0.0,268.0,506.0,270.0,200.0,42.0,41.0,32.0,0.0,21.0,0.0,0.0,0.0,917.0,463.0,0.0,820.0,138.0,146.0,276.0,0.0
晋城,2024-06-01,97.0,641.0,98.0,32.0,0.0,76.0,103.0,517.0,0.0,217.0,898.0,449.0,0.0,323.0,593.0,320.0,234.0,56.0,13.0,16.0,0.0,9.0,0.0,0.0,0.0,1009.0,555.0,0.0,957.0,150.0,102.0,355.0,0.0
晋城,2024-07-01,126.0,837.0,111.0,74.0,0.0,104.0,89.0,342.0,15.0,228.0,938.0,502.0,0.0,323.0,447.0,367.0,349.0,92.0,51.0,16.0,0.0,38.0,0.0,0.0,0.0,1110.0,573.0,0.0,981.0,149.0,204.0,334.0,15.0
晋城,2024-08-01,167.0,643.0,128.0,34.0,0.0,74.0,98.0,530.0,0.0,284.0,916.0,474.0,0.0,335.0,636.0,301.0,232.0,65.0,58.0,14.0,0.0,33.0,0.0,0.0,0.0,1049.0,625.0,0.0,974.0,219.0,158.0,323.0,0.0
晋城,2024-09-01,157.0,647.0,22.0,29.0,0.0,57.0,170.0,499.0,13.0,391.0,660.0,517.0,0.0,400.0,547.0,312.0,204.0,51.0,49.0,15.0,0.0,3.0,0.0,0.0,0.0,937.0,644.0,0.0,983.0,155.0,124.0,306.0,13.0
朔州,2022-06-01,21.0,915.0,64.0,29.0,0.0,0.0,13.0,627.0,0.0,497.0,449.0,723.0,0.0,88.0,670.0,624.0,228.0,15.0,15.0,0.0,0.0,29.0,0.0,0.0,0.0,624.0,1045.0,0.0,489.0,102.0,159.0,888.0,31.0
朔州,2022-07-01,32.0,683.0,42.0,15.0,0.0,0.0,11.0,283.0,0.0,481.0,234.0,351.0,0.0,96.0,481.0,292.0,130.0,39.0,13.0,0.0,0.0,15.0,0.0,0.0,0.0,406.0,660.0,0.0,354.0,98.0,78.0,505.0,31.0
朔州,2022-08-01,35.0,1106.0,45.0,25.0,0.0,0.0,25.0,663.0,0.0,906.0,460.0,533.0,0.0,114.0,931.0,612.0,129.0,49.0,39.0,0.0,0.0,25.0,0.0,0.0,0.0,790.0,1109.0,0.0,667.0,99.0,161.0,936.0,36.0
朔州,2022-09-01,60.0,1163.0,62.0,2.0,0.0,0.0,39.0,253.0,0.0,727.0,273.0,579.0,0.0,147.0,589.0,567.0,200.0,65.0,9.0,0.0,0.0,2.0,0.0,0.0,0.0,498.0,1081.0,0.0,476.0,160.0,92.0,702.0,149.0
朔州,2022-10-01,27.0,992.0,49.0,3.0,0.0,0.0,23.0,632.0,0.0,670.0,425.0,631.0,0.0,148.0,648.0,653.0,206.0,31.0,37.0,0.0,0.0,3.0,0.0,0.0,0.0,626.0,1100.0,0.0,506.0,108.0,150.0,928.0,34.0
朔州,2022-11-01,57.0,1236.0,42.0,35.0,0.0,0.0,21.0,616.0,0.0,840.0,426.0,741.0,0.0,131.0,886.0,692.0,213.0,41.0,9.0,0.0,0.0,35.0,0.0,0.0,0.0,752.0,1255.0,0.0,695.0,153.0,116.0,910.0,133.0
朔州,2022-12-01,31.0,1036.0,63.0,36.0,0.0,0.0,16.0,325.0,0.0,305.0,396.0,806.0,0.0,155.0,584.0,531.0,171.0,10.0,20.0,0.0,0.0,36.0,0.0,0.0,0.0,595.0,912.0,0.0,496.0,125.0,142.0,615.0,129.0
朔州,2023-01-01,46.0,830.0,5.0,39.0,0.0,0.0,6.0,597.0,0.0,611.0,338.0,574.0,0.0,94.0,534.0,687.0,107.0,52.0,10.0,0.0,0.0,39.0,0.0,0.0,0.0,560.0,963.0,0.0,438.0,86.0,152.0,776.0,71.0
朔州,2023-02-01,59.0,1005.0,67.0,9.0,0.0,0.0,40.0,409.0,0.0,667.0,371.0,551.0,0.0,169.0,825.0,324.0,187.0,62.0,13.0,0.0,0.0,9.0,0.0,0.0,0.0,704.0,885.0,0.0,686.0,141.0,77.0,635.0,50.0
朔州,2023-03-01,34.0,1084.0,63.0,21.0,0.0,0.0,27.0,228.0,0.0,317.0,309.0,831.0,0.0,137.0,606.0,490.0,150.0,41.0,12.0,0.0,0.0,21.0,0.0,0.0,0.0,591.0,866.0,0.0,499.0,132.0,139.0,607.0,80.0
朔州,2023-04-01,68.0,1079.0,52.0,40.0,0.0,0.0,35.0,575.0,0.0,414.0,482.0,953.0,0.0,156.0,717.0,604.0,247.0,48.0,37.0,0.0,0.0,40.0,0.0,0.0,0.0,818.0,1031.0,0.0,756.0,172.0,133.0,720.0,68.0
朔州,2023-05-01,15.0,923.0,42.0,34.0,0.0,0.0,19.0,568.0,0.0,490.0,377.0,734.0,0.0,102.0,621.0,630.0,181.0,11.0,22.0,0.0,0.0,34.0,0.0,0.0,0.0,694.0,907.0,0.0,542.0,77.0,185.0,702.0,95.0
朔州,2023-06-01,69.0,1193.0,34.0,29.0,0.0,0.0,13.0,325.0,0.0,707.0,420.0,536.0,0.0,137.0,834.0,412.0,155.0,58.0,38.0,0.0,0.0,29.0,0.0,0.0,0.0,627.0,1036.0,0.0,528.0,125.0,152.0,759.0,99.0
朔州,2023-07-01,25.0,1095.0,9.0,35.0,0.0,0.0,29.0,551.0,0.0,588.0,320.0,836.0,0.0,139.0,851.0,564.0,87.0,42.0,26.0,0.0,0.0,35.0,0.0,0.0,0.0,639.0,1105.0,0.0,569.0,124.0,110.0,820.0,121.0
朔州,2023-08-01,48.0,1124.0,23.0,3.0,0.0,0.0,5.0,552.0,0.0,922.0,378.0,455.0,0.0,119.0,807.0,637.0,123.0,48.0,18.0,0.0,0.0,3.0,0.0,0.0,0.0,638.0,1117.0,0.0,589.0,143.0,79.0,883.0,61.0
朔州,2023-09-01,52.0,1041.0,33.0,34.0,0.0,0.0,34.0,670.0,0.0,1171.0,346.0,347.0,0.0,148.0,772.0,624.0,195.0,72.0,19.0,0.0,0.0,34.0,0.0,0.0,0.0,623.0,1241.0,0.0,549.0,149.0,127.0,966.0,73.0
朔州,2023-10-01,43.0,1169.0,45.0,17.0,0.0,0.0,23.0,268.0,0.0,712.0,312.0,541.0,0.0,119.0,798.0,418.0,171.0,13.0,29.0,0.0,0.0,17.0,0.0,0.0,0.0,540.0,1025.0,0.0,469.0,77.0,134.0,804.0,81.0
朔州,2023-11-01,39.0,956.0,62.0,35.0,0.0,0.0,37.0,420.0,0.0,584.0,391.0,574.0,0.0,133.0,580.0,525.0,190.0,46.0,40.0,0.0,0.0,35.0,0.0,0.0,0.0,648.0,901.0,0.0,541.0,174.0,145.0,609.0,80.0
朔州,2023-12-01,52.0,1095.0,65.0,24.0,0.0,0.0,37.0,508.0,0.0,742.0,434.0,605.0,0.0,140.0,739.0,625.0,166.0,48.0,39.0,0.0,0.0,24.0,0.0,0.0,0.0,738.0,1043.0,0.0,684.0,135.0,123.0,783.0,56.0
朔州,2024-01-01,43.0,1072.0,53.0,21.0,0.0,0.0,28.0,718.0,0.0,613.0,390.0,932.0,0.0,153.0,912.0,621.0,196.0,18.0,14.0,0.0,0.0,21.0,0.0,0.0,0.0,680.0,1255.0,0.0,621.0,140.0,113.0,1009.0,52.0
朔州,2024-02-01,50.0,1134.0,32.0,35.0,0.0,0.0,32.0,506.0,0.0,673.0,315.0,801.0,0.0,120.0,685.0,755.0,138.0,43.0,13.0,0.0,0.0,35.0,0.0,0.0,0.0,524.0,1265.0,0.0,464.0,125.0,102.0,984.0,114.0
朔州,2024-03-01,27.0,974.0,34.0,31.0,0.0,0.0,37.0,356.0,0.0,187.0,313.0,959.0,0.0,160.0,519.0,551.0,152.0,35.0,11.0,0.0,0.0,31.0,0.0,0.0,0.0,638.0,821.0,0.0,568.0,111.0,129.0,601.0,50.0
朔州,2024-04-01,18.0,1020.0,19.0,12.0,0.0,0.0,35.0,573.0,0.0,1059.0,296.0,322.0,0.0,91.0,590.0,743.0,157.0,47.0,37.0,0.0,0.0,12.0,0.0,0.0,0.0,615.0,1062.0,0.0,513.0,113.0,143.0,854.0,54.0
朔州,2024-05-01,30.0,929.0,66.0,24.0,0.0,0.0,21.0,498.0,0.0,629.0,324.0,615.0,0.0,132.0,690.0,528.0,170.0,16.0,8.0,0.0,0.0,24.0,0.0,0.0,0.0,580.0,988.0,0.0,507.0,121.0,115.0,773.0,52.0
朔州,2024-06-01,45.0,1140.0,24.0,21.0,0.0,0.0,9.0,696.0,18.0,869.0,326.0,722.0,0.0,120.0,725.0,843.0,143.0,71.0,12.0,0.0,0.0,21.0,0.0,0.0,0.0,622.0,1313.0,0.0,527.0,161.0,116.0,996.0,135.0
朔州,2024-07-01,45.0,1249.0,37.0,22.0,0.0,0.0,27.0,463.0,11.0,721.0,415.0,696.0,0.0,187.0,671.0,668.0,227.0,62.0,6.0,0.0,0.0,22.0,0.0,0.0,0.0,745.0,1098.0,0.0,650.0,182.0,146.0,792.0,73.0
朔州,2024-08-01,43.0,1064.0,21.0,18.0,0.0,0.0,31.0,420.0,13.0,600.0,366.0,618.0,0.0,163.0,805.0,372.0,166.0,38.0,35.0,0.0,0.0,18.0,0.0,0.0,0.0,594.0,1003.0,0.0,541.0,148.0,108.0,750.0,50.0
朔州,2024-09-01,22.0,1076.0,32.0,27.0,0.0,0.0,15.0,571.0,11.0,378.0,325.0,1029.0,0.0,88.0,683.0,755.0,149.0,38.0,3.0,0.0,0.0,27.0,0.0,0.0,0.0,576.0,1167.0,0.0,510.0,75.0,98.0,926.0,134.0
运城,2022-06-01,327.0,2050.0,363.0,110.0,0.0,280.0,665.0,1421.0,0.0,1899.0,2099.0,1218.0,30.0,1354.0,1994.0,631.0,706.0,149.0,140.0,85.0,48.0,79.0,0.0,0.0,0.0,2698.0,2504.0,14.0,2727.0,252.0,768.0,1460.0,9.0
运城,2022-07-01,189.0,1592.0,215.0,73.0,0.0,163.0,340.0,1021.0,0.0,1178.0,1540.0,875.0,17.0,812.0,1325.0,592.0,469.0,117.0,71.0,79.0,62.0,49.0,0.0,0.0,0.0,2042.0,1527.0,24.0,1811.0,228.0,628.0,908.0,18.0
运城,2022-08-01,324.0,2317.0,453.0,204.0,0.0,346.0,400.0,1648.0,0.0,1094.0,2717.0,1881.0,17.0,1106.0,2299.0,828.0,773.0,166.0,163.0,151.0,57.0,132.0,0.0,0.0,0.0,3505.0,2166.0,21.0,2882.0,265.0,1204.0,1336.0,5.0
运城,2022-09-01,246.0,2592.0,377.0,103.0,0.0,237.0,707.0,1675.0,0.0,2163.0,2253.0,1521.0,28.0,1467.0,2284.0,819.0,717.0,186.0,183.0,98.0,102.0,53.0,0.0,0.0,0.0,3156.0,2777.0,4.0,3102.0,318.0,870.0,1629.0,18.0
运城,2022-10-01,325.0,2381.0,427.0,188.0,0.0,191.0,648.0,1508.0,0.0,2495.0,2352.0,821.0,11.0,1417.0,2074.0,835.0,698.0,164.0,125.0,103.0,98.0,143.0,0.0,0.0,0.0,3114.0,2542.0,12.0,2906.0,288.0,1041.0,1428.0,5.0
运城,2022-11-01,416.0,2257.0,377.0,98.0,0.0,191.0,687.0,1754.0,13.0,1087.0,2367.0,2313.0,37.0,1333.0,2151.0,860.0,684.0,222.0,159.0,197.0,83.0,54.0,0.0,0.0,0.0,3228.0,2513.0,39.0,2986.0,270.0,1025.0,1446.0,53.0
运城,2022-12-01,267.0,2635.0,412.0,173.0,0.0,297.0,405.0,1669.0,0.0,1694.0,2627.0,1537.0,20.0,1170.0,2222.0,1000.0,778.0,177.0,170.0,64.0,118.0,139.0,0.0,0.0,0.0,3514.0,2334.0,10.0,3003.0,292.0,1043.0,1486.0,34.0
运城,2023-01-01,308.0,2456.0,371.0,166.0,0.0,260.0,356.0,1581.0,0.0,1758.0,2388.0,1352.0,29.0,1107.0,2232.0,905.0,712.0,87.0,153.0,71.0,69.0,133.0,0.0,0.0,0.0,3238.0,2225.0,35.0,2605.0,468.0,1164.0,1260.0,1.0
运城,2023-02-01,292.0,2238.0,458.0,159.0,0.0,260.0,461.0,1333.0,0.0,1011.0,2527.0,1663.0,31.0,1250.0,1662.0,696.0,923.0,177.0,163.0,95.0,78.0,126.0,0.0,0.0,0.0,3036.0,2149.0,16.0,2542.0,343.0,1019.0,1261.0,36.0
运城,2023-03-01,438.0,2739.0,519.0,210.0,0.0,294.0,422.0,1927.0,11.0,1270.0,3167.0,2101.0,9.0,1319.0,2539.0,937.0,1028.0,119.0,189.0,135.0,101.0,173.0,0.0,0.0,0.0,3976.0,2533.0,40.0,3152.0,520.0,1462.0,1398.0,17.0
运城,2023-04-01,366.0,2380.0,404.0,170.0,0.0,312.0,446.0,1315.0,0.0,2156.0,2282.0,955.0,14.0,1218.0,1931.0,871.0,694.0,210.0,111.0,142.0,97.0,105.0,0.0,0.0,0.0,2923.0,2444.0,26.0,2637.0,305.0,923.0,1523.0,5.0
运城,2023-05-01,209.0,2359.0,448.0,68.0,0.0,201.0,290.0,1962.0,14.0,1343.0,2422.0,1758.0,6.0,865.0,2486.0,918.0,834.0,94.0,86.0,122.0,62.0,64.0,0.0,0.0,0.0,3501.0,2004.0,32.0,2933.0,340.0,950.0,1292.0,22.0
运城,2023-06-01,312.0,2473.0,462.0,98.0,0.0,283.0,334.0,1694.0,0.0,1414.0,2535.0,1707.0,8.0,1051.0,2474.0,772.0,705.0,202.0,174.0,115.0,104.0,51.0,0.0,0.0,0.0,3360.0,2279.0,17.0,2787.0,420.0,1045.0,1397.0,7.0
运城,2023-07-01,357.0,2426.0,412.0,209.0,0.0,185.0,679.0,1839.0,0.0,1608.0,2406.0,2093.0,28.0,1413.0,2343.0,874.0,661.0,276.0,121.0,164.0,74.0,153.0,0.0,0.0,0.0,3516.0,2558.0,33.0,3249.0,410.0,1105.0,1305.0,38.0
运城,2023-08-01,271.0,2181.0,427.0,180.0,0.0,203.0,375.0,1544.0,12.0,1389.0,2443.0,1337.0,37.0,906.0,2011.0,889.0,657.0,206.0,138.0,108.0,88.0,141.0,0.0,0.0,0.0,3198.0,1971.0,12.0,2587.0,296.0,1018.0,1243.0,37.0
运城,2023-09-01,242.0,2672.0,418.0,166.0,0.0,151.0,491.0,1692.0,0.0,1519.0,2208.0,2105.0,4.0,1356.0,2268.0,804.0,800.0,170.0,112.0,101.0,99.0,118.0,0.0,0.0,0.0,3202.0,2593.0,37.0,2982.0,427.0,917.0,1476.0,30.0
运城,2023-10-01,357.0,2634.0,409.0,106.0,0.0,264.0,430.0,1567.0,45.0,1981.0,2296.0,1445.0,10.0,1133.0,2419.0,800.0,748.0,171.0,163.0,154.0,106.0,63.0,0.0,0.0,0.0,3176.0,2557.0,34.0,2951.0,448.0,782.0,1529.0,57.0
运城,2023-11-01,358.0,2380.0,566.0,168.0,0.0,335.0,639.0,1425.0,29.0,1329.0,2620.0,1893.0,21.0,1326.0,2224.0,817.0,753.0,208.0,197.0,157.0,53.0,115.0,0.0,0.0,0.0,3297.0,2566.0,8.0,3138.0,259.0,949.0,1481.0,44.0
运城,2023-12-01,322.0,2623.0,445.0,102.0,0.0,243.0,712.0,1835.0,34.0,1922.0,2752.0,1574.0,17.0,1423.0,2353.0,995.0,902.0,178.0,146.0,114.0,86.0,68.0,0.0,0.0,0.0,3478.0,2802.0,2.0,3147.0,371.0,1152.0,1553.0,59.0
运城,2024-01-01,427.0,2506.0,402.0,190.0,0.0,274.0,661.0,1662.0,61.0,1713.0,2614.0,1734.0,39.0,1415.0,2218.0,894.0,795.0,182.0,191.0,187.0,46.0,155.0,0.0,0.0,0.0,3440.0,2673.0,9.0,3200.0,304.0,957.0,1574.0,87.0
运城,2024-02-01,353.0,2253.0,420.0,180.0,0.0,323.0,720.0,1432.0,39.0,1315.0,2368.0,1959.0,11.0,1385.0,1986.0,920.0,687.0,127.0,170.0,170.0,81.0,144.0,0.0,0.0,0.0,3128.0,2515.0,38.0,2995.0,372.0,957.0,1299.0,58.0
运城,2024-03-01,419.0,2611.0,399.0,195.0,0.0,182.0,290.0,1679.0,56.0,1533.0,2315.0,1871.0,36.0,1166.0,2365.0,714.0,799.0,266.0,74.0,147.0,55.0,153.0,0.0,0.0,0.0,3244.0,2506.0,25.0,2848.0,405.0,979.0,1449.0,94.0
运城,2024-04-01,277.0,2440.0,543.0,115.0,0.0,343.0,376.0,1566.0,27.0,1616.0,2557.0,1460.0,16.0,1030.0,2177.0,879.0,908.0,235.0,132.0,105.0,91.0,87.0,0.0,0.0,0.0,3333.0,2322.0,5.0,2727.0,488.0,957.0,1442.0,46.0
运城,2024-05-01,329.0,2554.0,416.0,158.0,0.0,151.0,652.0,1319.0,28.0,1600.0,2520.0,1431.0,22.0,1382.0,1810.0,862.0,874.0,172.0,165.0,105.0,43.0,144.0,0.0,0.0,0.0,3010.0,2531.0,38.0,2793.0,443.0,944.0,1352.0,47.0
运城,2024-06-01,327.0,2742.0,319.0,172.0,0.0,317.0,660.0,1502.0,81.0,804.0,2393.0,2761.0,15.0,1537.0,2036.0,974.0,651.0,236.0,169.0,143.0,128.0,150.0,0.0,0.0,0.0,3086.0,2913.0,40.0,2694.0,492.0,1143.0,1601.0,109.0
运城,2024-07-01,247.0,2244.0,451.0,181.0,0.0,255.0,587.0,1619.0,53.0,1492.0,2481.0,1558.0,9.0,1317.0,2212.0,643.0,767.0,209.0,133.0,54.0,87.0,153.0,0.0,0.0,0.0,3126.0,2445.0,13.0,2821.0,351.0,978.0,1364.0,70.0
运城,2024-08-01,155.0,2399.0,395.0,149.0,0.0,305.0,283.0,1413.0,37.0,1415.0,2124.0,1523.0,22.0,1055.0,2073.0,760.0,563.0,268.0,70.0,69.0,86.0,133.0,0.0,0.0,0.0,2888.0,2188.0,23.0,2575.0,434.0,745.0,1289.0,56.0
运城,2024-09-01,387.0,2695.0,466.0,237.0,0.0,330.0,272.0,1794.0,75.0,2032.0,2838.0,1236.0,26.0,963.0,2606.0,977.0,673.0,282.0,167.0,183.0,115.0,189.0,0.0,0.0,0.0,3578.0,2578.0,25.0,2711.0,416.0,1346.0,1627.0,81.0
长治,2022-06-01,284.0,2112.0,421.0,150.0,0.0,168.0,196.0,1787.0,0.0,1653.0,2128.0,1337.0,38.0,904.0,2182.0,724.0,794.0,197.0,152.0,43.0,41.0,43.0,0.0,0.0,0.0,2717.0,2396.0,5.0,2394.0,378.0,583.0,1686.0,77.0
长治,2022-07-01,169.0,1304.0,227.0,71.0,0.0,72.0,128.0,1172.0,0.0,667.0,1449.0,1027.0,16.0,535.0,1410.0,485.0,402.0,128.0,80.0,33.0,26.0,28.0,0.0,0.0,0.0,1797.0,1330.0,16.0,1549.0,190.0,406.0,960.0,38.0
长治,2022-08-01,177.0,2659.0,399.0,173.0,0.0,114.0,184.0,1772.0,0.0,1530.0,2061.0,1887.0,21.0,1005.0,2389.0,784.0,815.0,158.0,129.0,44.0,65.0,68.0,0.0,0.0,0.0,2817.0,2633.0,28.0,2392.0,353.0,692.0,1996.0,45.0
长治,2022-09-01,292.0,2365.0,412.0,111.0,0.0,181.0,252.0,2025.0,0.0,1251.0,2369.0,2018.0,28.0,946.0,2411.0,949.0,816.0,139.0,210.0,62.0,37.0,40.0,0.0,0.0,0.0,3032.0,2583.0,23.0,2615.0,267.0,698.0,2004.0,54.0
长治,2022-10-01,302.0,1813.0,436.0,154.0,0.0,142.0,133.0,1965.0,0.0,1071.0,2240.0,1634.0,17.0,710.0,2241.0,773.0,743.0,166.0,155.0,66.0,28.0,46.0,0.0,0.0,0.0,2829.0,2083.0,33.0,2553.0,379.0,524.0,1430.0,59.0
长治,2022-11-01,159.0,2380.0,267.0,81.0,0.0,192.0,216.0,2123.0,0.0,1311.0,2466.0,1641.0,21.0,887.0,2639.0,862.0,697.0,106.0,121.0,31.0,27.0,27.0,0.0,0.0,0.0,2987.0,2414.0,17.0,2714.0,269.0,497.0,1880.0,58.0
长治,2022-12-01,202.0,2185.0,496.0,137.0,0.0,108.0,208.0,1916.0,0.0,1503.0,2262.0,1487.0,38.0,985.0,2198.0,713.0,827.0,207.0,168.0,61.0,26.0,29.0,0.0,0.0,0.0,3016.0,2204.0,32.0,2694.0,334.0,577.0,1576.0,71.0
长治,2023-01-01,357.0,2017.0,422.0,170.0,0.0,169.0,95.0,1954.0,0.0,1479.0,2246.0,1459.0,33.0,866.0,2333.0,802.0,643.0,214.0,211.0,40.0,12.0,30.0,0.0,0.0,0.0,2865.0,2291.0,28.0,2543.0,341.0,599.0,1654.0,47.0
长治,2023-02-01,216.0,2263.0,506.0,133.0,0.0,190.0,161.0,1811.0,0.0,1483.0,2199.0,1598.0,34.0,851.0,2276.0,803.0,838.0,171.0,177.0,19.0,73.0,38.0,0.0,0.0,0.0,2817.0,2456.0,7.0,2459.0,377.0,586.0,1807.0,51.0
长治,2023-03-01,308.0,2066.0,480.0,117.0,0.0,152.0,218.0,1901.0,13.0,1729.0,2132.0,1368.0,39.0,1111.0,2163.0,730.0,779.0,157.0,106.0,65.0,57.0,35.0,0.0,0.0,0.0,2703.0,2512.0,27.0,2542.0,368.0,516.0,1751.0,65.0
长治,2023-04-01,233.0,2149.0,437.0,154.0,0.0,166.0,197.0,1669.0,12.0,1192.0,2157.0,1644.0,5.0,794.0,2209.0,755.0,721.0,211.0,168.0,66.0,50.0,26.0,0.0,0.0,0.0,2721.0,2258.0,26.0,2416.0,318.0,536.0,1700.0,35.0
长治,2023-05-01,217.0,2329.0,398.0,69.0,0.0,164.0,147.0,1932.0,17.0,1256.0,2140.0,1843.0,32.0,973.0,2319.0,919.0,644.0,82.0,146.0,54.0,48.0,39.0,0.0,0.0,0.0,2674.0,2544.0,38.0,2281.0,356.0,600.0,1948.0,71.0
长治,2023-06-01,262.0,2175.0,356.0,177.0,0.0,201.0,272.0,1746.0,18.0,1539.0,1982.0,1650.0,36.0,954.0,2222.0,774.0,612.0,244.0,192.0,44.0,69.0,42.0,0.0,0.0,0.0,2548.0,2629.0,12.0,2201.0,431.0,628.0,1840.0,89.0
长治,2023-07-01,294.0,2354.0,436.0,83.0,0.0,130.0,205.0,2072.0,15.0,1652.0,2332.0,1575.0,35.0,993.0,2443.0,819.0,869.0,138.0,114.0,42.0,78.0,43.0,0.0,0.0,0.0,3268.0,2290.0,16.0,2846.0,414.0,704.0,1522.0,88.0
长治,2023-08-01,254.0,2076.0,439.0,168.0,0.0,79.0,140.0,1712.0,11.0,930.0,1846.0,2081.0,36.0,909.0,1989.0,730.0,731.0,229.0,133.0,52.0,38.0,21.0,0.0,0.0,0.0,2527.0,2329.0,12.0,2185.0,382.0,554.0,1707.0,40.0
长治,2023-09-01,265.0,2315.0,336.0,142.0,0.0,185.0,95.0,1835.0,18.0,1645.0,2109.0,1401.0,14.0,907.0,2397.0,690.0,722.0,150.0,185.0,26.0,54.0,28.0,0.0,0.0,0.0,2777.0,2376.0,20.0,2371.0,304.0,681.0,1758.0,59.0
长治,2023-10-01,272.0,2227.0,322.0,126.0,0.0,173.0,227.0,2001.0,18.0,1791.0,2231.0,1308.0,39.0,1125.0,2256.0,851.0,668.0,187.0,107.0,24.0,46.0,45.0,0.0,0.0,0.0,2849.0,2491.0,8.0,2586.0,449.0,584.0,1631.0,98.0
长治,2023-11-01,286.0,2331.0,417.0,195.0,0.0,142.0,202.0,1887.0,56.0,1558.0,2174.0,1672.0,30.0,1048.0,2213.0,891.0,705.0,263.0,153.0,66.0,41.0,50.0,0.0,0.0,0.0,2805.0,2618.0,37.0,2578.0,444.0,541.0,1748.0,149.0
长治,2023-12-01,281.0,2294.0,341.0,105.0,0.0,98.0,197.0,1499.0,39.0,1235.0,2013.0,1528.0,34.0,841.0,1893.0,933.0,575.0,164.0,224.0,22.0,63.0,66.0,0.0,0.0,0.0,2582.0,2221.0,12.0,2304.0,441.0,566.0,1400.0,104.0
长治,2024-01-01,249.0,2193.0,368.0,172.0,0.0,117.0,176.0,2084.0,71.0,1692.0,2135.0,1461.0,23.0,1023.0,2384.0,763.0,708.0,191.0,188.0,19.0,24.0,36.0,0.0,0.0,0.0,2741.0,2601.0,17.0,2455.0,382.0,549.0,1812.0,161.0
长治,2024-02-01,283.0,2165.0,322.0,189.0,0.0,211.0,138.0,1721.0,31.0,1244.0,2070.0,1684.0,21.0,894.0,2119.0,757.0,649.0,233.0,225.0,43.0,36.0,52.0,0.0,0.0,0.0,2736.0,2277.0,16.0,2315.0,233.0,689.0,1703.0,89.0
长治,2024-03-01,307.0,2710.0,402.0,186.0,0.0,161.0,108.0,1518.0,74.0,1748.0,2063.0,1507.0,10.0,1017.0,2154.0,751.0,862.0,278.0,126.0,50.0,59.0,85.0,0.0,0.0,0.0,2556.0,2816.0,20.0,2181.0,450.0,662.0,2011.0,88.0
长治,2024-04-01,278.0,2341.0,429.0,100.0,0.0,194.0,121.0,1568.0,42.0,1662.0,2150.0,1177.0,8.0,754.0,1983.0,857.0,908.0,181.0,192.0,46.0,55.0,47.0,0.0,0.0,0.0,2702.0,2296.0,33.0,2354.0,316.0,575.0,1671.0,115.0
长治,2024-05-01,217.0,2219.0,406.0,147.0,0.0,158.0,204.0,1858.0,41.0,1362.0,2193.0,1613.0,36.0,905.0,2320.0,724.0,729.0,192.0,122.0,46.0,46.0,89.0,0.0,0.0,0.0,2818.0,2352.0,39.0,2400.0,414.0,660.0,1633.0,102.0
长治,2024-06-01,193.0,2141.0,344.0,101.0,0.0,164.0,203.0,2178.0,84.0,1636.0,2102.0,1502.0,38.0,1117.0,2347.0,645.0,666.0,167.0,189.0,38.0,26.0,91.0,0.0,0.0,0.0,2811.0,2484.0,29.0,2352.0,339.0,721.0,1744.0,168.0
长治,2024-07-01,251.0,2338.0,379.0,124.0,0.0,99.0,106.0,1769.0,66.0,1278.0,1925.0,1797.0,35.0,713.0,2294.0,795.0,731.0,226.0,115.0,54.0,35.0,68.0,0.0,0.0,0.0,2651.0,2397.0,18.0,2243.0,351.0,567.0,1759.0,146.0
长治,2024-08-01,281.0,2237.0,431.0,179.0,0.0,91.0,195.0,1456.0,107.0,1686.0,1849.0,1228.0,10.0,1046.0,1736.0,847.0,686.0,243.0,131.0,37.0,54.0,80.0,0.0,0.0,0.0,2449.0,2410.0,11.0,2239.0,349.0,570.0,1574.0,138.0
长治,2024-09-01,193.0,2524.0,389.0,169.0,0.0,138.0,170.0,1548.0,109.0,1695.0,1895.0,1432.0,38.0,969.0,2053.0,852.0,691.0,228.0,143.0,33.0,31.0,93.0,0.0,0.0,0.0,2594.0,2516.0,21.0,2272.0,400.0,583.0,1727.0,149.0
阳泉,2022-06-01,5.0,648.0,145.0,25.0,0.0,33.0,46.0,263.0,0.0,164.0,596.0,405.0,0.0,204.0,445.0,206.0,273.0,12.0,0.0,0.0,0.0,25.0,0.0,0.0,0.0,685.0,480.0,0.0,532.0,130.0,174.0,329.0,0.0
阳泉,2022-07-01,25.0,514.0,88.0,12.0,0.0,22.0,64.0,171.0,0.0,173.0,408.0,315.0,0.0,179.0,316.0,141.0,231.0,17.0,0.0,0.0,0.0,12.0,0.0,0.0,0.0,478.0,418.0,0.0,431.0,106.0,100.0,259.0,0.0
阳泉,2022-08-01,29.0,477.0,224.0,7.0,0.0,42.0,88.0,254.0,0.0,307.0,687.0,127.0,0.0,212.0,305.0,146.0,440.0,11.0,0.0,0.0,0.0,7.0,0.0,0.0,0.0,740.0,381.0,0.0,687.0,96.0,120.0,218.0,0.0
阳泉,2022-09-01,38.0,683.0,119.0,26.0,0.0,73.0,63.0,381.0,0.0,287.0,657.0,439.0,0.0,252.0,586.0,150.0,359.0,10.0,0.0,0.0,0.0,26.0,0.0,0.0,0.0,849.0,534.0,0.0,701.0,124.0,198.0,360.0,0.0
阳泉,2022-10-01,19.0,483.0,161.0,10.0,0.0,40.0,56.0,178.0,0.0,169.0,465.0,313.0,0.0,154.0,315.0,147.0,305.0,16.0,0.0,0.0,0.0,10.0,0.0,0.0,0.0,590.0,357.0,0.0,505.0,74.0,123.0,245.0,0.0
阳泉,2022-11-01,8.0,582.0,146.0,9.0,0.0,52.0,62.0,275.0,0.0,383.0,559.0,192.0,0.0,170.0,451.0,152.0,349.0,3.0,0.0,0.0,0.0,9.0,0.0,0.0,0.0,694.0,440.0,0.0,603.0,149.0,109.0,273.0,0.0
阳泉,2022-12-01,15.0,646.0,128.0,2.0,0.0,38.0,112.0,315.0,0.0,443.0,578.0,235.0,0.0,189.0,506.0,223.0,309.0,27.0,0.0,0.0,0.0,2.0,0.0,0.0,0.0,747.0,509.0,0.0,655.0,123.0,145.0,333.0,0.0
阳泉,2023-01-01,34.0,609.0,175.0,14.0,0.0,32.0,58.0,307.0,0.0,399.0,489.0,341.0,0.0,230.0,454.0,229.0,281.0,21.0,0.0,0.0,0.0,14.0,0.0,0.0,0.0,656.0,573.0,0.0,597.0,145.0,126.0,361.0,0.0
阳泉,2023-02-01,1.0,639.0,226.0,40.0,0.0,25.0,52.0,244.0,0.0,405.0,701.0,121.0,0.0,144.0,411.0,119.0,481.0,32.0,0.0,0.0,0.0,40.0,0.0,0.0,0.0,845.0,382.0,0.0,657.0,145.0,205.0,220.0,0.0
阳泉,2023-03-01,9.0,615.0,211.0,28.0,0.0,24.0,44.0,308.0,0.0,323.0,724.0,192.0,0.0,171.0,450.0,193.0,378.0,19.0,0.0,0.0,0.0,28.0,0.0,0.0,0.0,837.0,402.0,0.0,678.0,120.0,169.0,272.0,0.0
阳泉,2023-04-01,25.0,705.0,147.0,21.0,0.0,53.0,28.0,352.0,0.0,258.0,646.0,427.0,0.0,199.0,558.0,193.0,327.0,33.0,0.0,0.0,0.0,21.0,0.0,0.0,0.0,810.0,521.0,0.0,658.0,139.0,185.0,349.0,0.0
阳泉,2023-05-01,37.0,660.0,220.0,37.0,0.0,38.0,41.0,339.0,0.0,437.0,733.0,202.0,0.0,241.0,510.0,164.0,387.0,33.0,0.0,0.0,0.0,37.0,0.0,0.0,0.0,905.0,467.0,0.0,747.0,131.0,198.0,296.0,0.0
阳泉,2023-06-01,7.0,613.0,175.0,12.0,0.0,50.0,96.0,305.0,0.0,319.0,646.0,293.0,0.0,266.0,457.0,194.0,312.0,17.0,0.0,0.0,0.0,12.0,0.0,0.0,0.0,751.0,507.0,0.0,637.0,97.0,159.0,365.0,0.0
阳泉,2023-07-01,6.0,746.0,176.0,24.0,0.0,54.0,54.0,279.0,0.0,351.0,709.0,279.0,0.0,232.0,451.0,200.0,400.0,32.0,0.0,0.0,0.0,24.0,0.0,0.0,0.0,838.0,501.0,0.0,676.0,149.0,185.0,329.0,0.0
阳泉,2023-08-01,15.0,596.0,93.0,21.0,0.0,43.0,41.0,292.0,0.0,307.0,526.0,268.0,0.0,185.0,518.0,119.0,246.0,12.0,0.0,0.0,0.0,21.0,0.0,0.0,0.0,643.0,458.0,0.0,518.0,144.0,141.0,298.0,0.0
阳泉,2023-09-01,16.0,652.0,136.0,8.0,0.0,47.0,54.0,316.0,0.0,363.0,663.0,203.0,0.0,146.0,455.0,237.0,367.0,16.0,0.0,0.0,0.0,8.0,0.0,0.0,0.0,777.0,452.0,0.0,670.0,125.0,139.0,295.0,0.0
阳泉,2023-10-01,10.0,538.0,96.0,10.0,0.0,59.0,89.0,315.0,0.0,245.0,597.0,275.0,0.0,210.0,434.0,194.0,250.0,19.0,0.0,0.0,0.0,10.0,0.0,0.0,0.0,710.0,407.0,0.0,541.0,106.0,201.0,269.0,0.0
阳泉,2023-11-01,3.0,607.0,162.0,28.0,0.0,55.0,51.0,172.0,0.0,253.0,590.0,235.0,0.0,142.0,380.0,144.0,365.0,19.0,0.0,0.0,0.0,28.0,0.0,0.0,0.0,656.0,422.0,0.0,513.0,120.0,155.0,290.0,0.0
阳泉,2023-12-01,35.0,620.0,108.0,33.0,0.0,48.0,26.0,314.0,0.0,255.0,559.0,370.0,0.0,199.0,507.0,150.0,272.0,23.0,0.0,0.0,0.0,33.0,0.0,0.0,0.0,763.0,421.0,0.0,622.0,109.0,180.0,273.0,0.0
阳泉,2024-01-01,10.0,535.0,201.0,11.0,0.0,6.0,71.0,319.0,0.0,317.0,612.0,224.0,0.0,177.0,460.0,95.0,399.0,11.0,0.0,0.0,0.0,11.0,0.0,0.0,0.0,751.0,402.0,0.0,621.0,116.0,141.0,275.0,0.0
阳泉,2024-02-01,28.0,707.0,142.0,14.0,0.0,37.0,92.0,209.0,0.0,294.0,604.0,331.0,0.0,288.0,384.0,150.0,358.0,35.0,0.0,0.0,0.0,14.0,0.0,0.0,0.0,667.0,562.0,0.0,552.0,162.0,174.0,341.0,0.0
阳泉,2024-03-01,7.0,661.0,223.0,25.0,0.0,22.0,55.0,311.0,0.0,495.0,618.0,191.0,0.0,141.0,464.0,248.0,418.0,8.0,0.0,0.0,0.0,25.0,0.0,0.0,0.0,846.0,458.0,0.0,722.0,156.0,137.0,289.0,0.0
阳泉,2024-04-01,9.0,653.0,130.0,32.0,0.0,41.0,55.0,296.0,0.0,285.0,619.0,312.0,0.0,169.0,482.0,163.0,343.0,27.0,0.0,0.0,0.0,32.0,0.0,0.0,0.0,780.0,436.0,0.0,648.0,156.0,156.0,256.0,0.0
阳泉,2024-05-01,10.0,636.0,191.0,12.0,0.0,61.0,95.0,258.0,0.0,242.0,617.0,404.0,0.0,251.0,393.0,170.0,415.0,22.0,0.0,0.0,0.0,12.0,0.0,0.0,0.0,757.0,506.0,0.0,668.0,127.0,139.0,329.0,0.0
阳泉,2024-06-01,13.0,639.0,203.0,5.0,0.0,63.0,63.0,333.0,0.0,393.0,658.0,268.0,0.0,216.0,530.0,157.0,404.0,7.0,0.0,0.0,0.0,5.0,0.0,0.0,0.0,812.0,507.0,0.0,700.0,138.0,156.0,325.0,0.0
阳泉,2024-07-01,2.0,787.0,206.0,10.0,0.0,64.0,62.0,310.0,0.0,245.0,780.0,416.0,0.0,189.0,487.0,204.0,518.0,33.0,0.0,0.0,0.0,10.0,0.0,0.0,0.0,962.0,479.0,0.0,739.0,141.0,259.0,302.0,0.0
阳泉,2024-08-01,19.0,520.0,228.0,25.0,0.0,44.0,62.0,198.0,0.0,153.0,578.0,365.0,0.0,179.0,367.0,154.0,370.0,1.0,0.0,0.0,0.0,25.0,0.0,0.0,0.0,679.0,417.0,0.0,577.0,66.0,148.0,305.0,0.0
阳泉,2024-09-01,23.0,539.0,147.0,34.0,0.0,35.0,71.0,387.0,0.0,312.0,588.0,336.0,0.0,229.0,520.0,202.0,238.0,13.0,0.0,0.0,0.0,34.0,0.0,0.0,0.0,780.0,456.0,0.0,639.0,134.0,191.0,272.0,0.0
