city,date,MPV,SUV,medium_car,med_large_car,small_car,micro_car,compact_car,EVER,PHEV,FUEL,EV,0-5w,5-10w,10-15w,15-20w,20-25w,25-30w,30-35w,35-40w,40-50w,50-100w,100-150w,150-300w,300-1000w,joint_type,self_owned_type,joint_brand,state_owned_brand,international_brand,self_owned_brand,new_force_brand
兰州,2022-06-01,34.0,1076.0,264.0,106.0,0.0,7.0,830.0,103.0,518.0,1386.0,310.0,0.0,177.0,915.0,280.0,369.0,119.0,165.0,68.0,163.0,61.0,0.0,0.0,0.0,1668.0,649.0,1247.0,68.0,451.0,435.0,116.0
兰州,2022-07-01,38.0,837.0,139.0,70.0,0.0,28.0,464.0,28.0,389.0,870.0,289.0,0.0,97.0,630.0,199.0,318.0,78.0,69.0,70.0,75.0,40.0,0.0,0.0,0.0,1079.0,497.0,815.0,70.0,304.0,359.0,28.0
兰州,2022-08-01,53.0,1413.0,236.0,62.0,0.0,13.0,587.0,56.0,607.0,1148.0,553.0,0.0,225.0,741.0,420.0,487.0,152.0,104.0,92.0,109.0,34.0,0.0,0.0,0.0,1541.0,823.0,1190.0,140.0,382.0,558.0,94.0
兰州,2022-09-01,88.0,1263.0,150.0,100.0,0.0,29.0,585.0,70.0,555.0,1196.0,394.0,0.0,242.0,702.0,272.0,451.0,104.0,125.0,57.0,191.0,71.0,0.0,0.0,0.0,1469.0,746.0,1089.0,135.0,445.0,438.0,108.0
兰州,2022-10-01,84.0,1072.0,189.0,58.0,0.0,24.0,552.0,19.0,519.0,1041.0,400.0,0.0,144.0,726.0,252.0,363.0,76.0,106.0,105.0,175.0,32.0,0.0,0.0,0.0,1393.0,586.0,968.0,61.0,480.0,436.0,34.0
兰州,2022-11-01,64.0,1215.0,222.0,81.0,0.0,22.0,551.0,27.0,450.0,1227.0,451.0,0.0,156.0,718.0,329.0,428.0,97.0,111.0,105.0,185.0,26.0,0.0,0.0,0.0,1489.0,666.0,1130.0,78.0,413.0,491.0,43.0
兰州,2022-12-01,71.0,1251.0,246.0,126.0,0.0,15.0,563.0,145.0,197.0,1217.0,713.0,0.0,202.0,708.0,285.0,461.0,138.0,71.0,126.0,223.0,58.0,0.0,0.0,0.0,1503.0,769.0,1076.0,119.0,464.0,466.0,147.0
兰州,2023-01-01,52.0,1127.0,205.0,70.0,0.0,6.0,863.0,83.0,454.0,1312.0,474.0,0.0,116.0,1054.0,223.0,426.0,103.0,107.0,64.0,179.0,51.0,0.0,0.0,0.0,1666.0,657.0,1239.0,113.0,445.0,421.0,105.0
兰州,2023-02-01,81.0,1147.0,216.0,95.0,0.0,19.0,403.0,97.0,503.0,934.0,427.0,0.0,189.0,496.0,327.0,355.0,107.0,156.0,91.0,192.0,48.0,0.0,0.0,0.0,1321.0,640.0,960.0,106.0,413.0,355.0,127.0
兰州,2023-03-01,82.0,1140.0,185.0,108.0,0.0,38.0,886.0,82.0,423.0,1396.0,538.0,0.0,206.0,1021.0,279.0,327.0,114.0,112.0,145.0,184.0,51.0,0.0,0.0,0.0,1772.0,667.0,1357.0,63.0,492.0,438.0,89.0
兰州,2023-04-01,78.0,1257.0,293.0,58.0,0.0,2.0,911.0,120.0,465.0,1512.0,502.0,0.0,176.0,1125.0,305.0,309.0,128.0,98.0,184.0,251.0,23.0,0.0,0.0,0.0,1785.0,814.0,1354.0,116.0,444.0,529.0,156.0
兰州,2023-05-01,59.0,1245.0,287.0,109.0,0.0,4.0,812.0,190.0,471.0,1441.0,414.0,0.0,140.0,962.0,223.0,476.0,132.0,119.0,192.0,229.0,43.0,0.0,0.0,0.0,1705.0,811.0,1278.0,135.0,439.0,438.0,226.0
兰州,2023-06-01,91.0,1309.0,264.0,72.0,0.0,39.0,850.0,143.0,471.0,1332.0,679.0,0.0,230.0,1035.0,368.0,354.0,108.0,94.0,193.0,212.0,31.0,0.0,0.0,0.0,1795.0,830.0,1473.0,107.0,399.0,477.0,169.0
兰州,2023-07-01,82.0,1250.0,265.0,120.0,0.0,21.0,506.0,270.0,676.0,996.0,302.0,0.0,148.0,632.0,313.0,469.0,176.0,69.0,231.0,138.0,68.0,0.0,0.0,0.0,1297.0,947.0,949.0,130.0,393.0,475.0,297.0
兰州,2023-08-01,51.0,1249.0,282.0,63.0,0.0,11.0,542.0,211.0,323.0,1043.0,621.0,0.0,95.0,665.0,333.0,444.0,122.0,142.0,163.0,203.0,31.0,0.0,0.0,0.0,1489.0,709.0,1103.0,139.0,400.0,344.0,212.0
兰州,2023-09-01,94.0,1252.0,204.0,39.0,0.0,22.0,705.0,256.0,354.0,987.0,719.0,0.0,259.0,805.0,320.0,338.0,94.0,98.0,162.0,223.0,17.0,0.0,0.0,0.0,1324.0,992.0,1024.0,156.0,355.0,495.0,286.0
兰州,2023-10-01,65.0,1539.0,270.0,68.0,0.0,31.0,545.0,363.0,732.0,991.0,432.0,0.0,212.0,764.0,372.0,360.0,97.0,159.0,232.0,303.0,19.0,0.0,0.0,0.0,1420.0,1098.0,1048.0,113.0,416.0,545.0,396.0
兰州,2023-11-01,98.0,1482.0,242.0,72.0,0.0,2.0,863.0,341.0,363.0,1435.0,620.0,0.0,209.0,1066.0,268.0,427.0,110.0,145.0,258.0,218.0,58.0,0.0,0.0,0.0,1764.0,995.0,1372.0,115.0,433.0,488.0,351.0
兰州,2023-12-01,77.0,1495.0,327.0,84.0,0.0,17.0,796.0,371.0,593.0,1360.0,472.0,0.0,129.0,984.0,351.0,482.0,152.0,130.0,271.0,252.0,45.0,0.0,0.0,0.0,1742.0,1054.0,1320.0,100.0,456.0,514.0,406.0
兰州,2024-01-01,57.0,1304.0,286.0,91.0,0.0,32.0,649.0,315.0,624.0,1073.0,407.0,0.0,208.0,823.0,325.0,343.0,114.0,185.0,187.0,184.0,50.0,0.0,0.0,0.0,1450.0,969.0,1109.0,113.0,396.0,448.0,353.0
兰州,2024-02-01,83.0,1196.0,238.0,49.0,0.0,8.0,503.0,220.0,372.0,1007.0,478.0,0.0,167.0,685.0,247.0,397.0,45.0,226.0,101.0,175.0,34.0,0.0,0.0,0.0,1290.0,787.0,970.0,101.0,356.0,418.0,232.0
兰州,2024-03-01,107.0,1514.0,221.0,77.0,0.0,2.0,834.0,328.0,498.0,1346.0,583.0,0.0,182.0,1018.0,365.0,346.0,325.0,138.0,121.0,203.0,57.0,0.0,0.0,0.0,1689.0,1066.0,1285.0,171.0,446.0,490.0,363.0
兰州,2024-04-01,56.0,1429.0,168.0,116.0,0.0,22.0,574.0,254.0,621.0,1030.0,460.0,0.0,172.0,790.0,290.0,473.0,164.0,89.0,82.0,174.0,131.0,0.0,0.0,0.0,1333.0,1032.0,967.0,120.0,410.0,575.0,293.0
兰州,2024-05-01,61.0,1253.0,185.0,100.0,0.0,28.0,803.0,340.0,547.0,1212.0,331.0,0.0,184.0,903.0,277.0,347.0,204.0,136.0,116.0,113.0,150.0,0.0,0.0,0.0,1501.0,929.0,1206.0,104.0,338.0,434.0,348.0
兰州,2024-06-01,60.0,1379.0,285.0,63.0,0.0,40.0,480.0,430.0,395.0,986.0,496.0,0.0,188.0,617.0,285.0,417.0,336.0,129.0,109.0,104.0,122.0,0.0,0.0,0.0,1258.0,1049.0,969.0,153.0,349.0,387.0,449.0
兰州,2024-07-01,57.0,1651.0,276.0,107.0,0.0,12.0,638.0,550.0,493.0,1123.0,575.0,0.0,180.0,824.0,278.0,467.0,396.0,150.0,138.0,160.0,148.0,0.0,0.0,0.0,1542.0,1199.0,1107.0,136.0,451.0,496.0,551.0
兰州,2024-08-01,46.0,1490.0,239.0,98.0,0.0,24.0,616.0,508.0,485.0,1185.0,335.0,0.0,130.0,771.0,376.0,380.0,351.0,97.0,97.0,166.0,145.0,0.0,0.0,0.0,1427.0,1086.0,1048.0,131.0,405.0,431.0,498.0
兰州,2024-09-01,87.0,1636.0,238.0,88.0,0.0,5.0,495.0,563.0,600.0,1011.0,375.0,0.0,211.0,635.0,425.0,352.0,350.0,132.0,96.0,178.0,170.0,0.0,0.0,0.0,1384.0,1165.0,1025.0,137.0,400.0,454.0,533.0
嘉峪关,2022-06-01,0.0,78.0,0.0,0.0,0.0,0.0,120.0,0.0,48.0,117.0,33.0,0.0,117.0,16.0,0.0,32.0,33.0,0.0,0.0,0.0,0.0,0.0,0.0,0.0,185.0,13.0,68.0,13.0,117.0,0.0,0.0
嘉峪关,2022-07-01,0.0,54.0,0.0,0.0,0.0,0.0,55.0,0.0,54.0,43.0,12.0,0.0,43.0,23.0,0.0,13.0,30.0,0.0,0.0,0.0,0.0,0.0,0.0,0.0,98.0,11.0,55.0,11.0,43.0,0.0,0.0
嘉峪关,2022-08-01,0.0,61.0,0.0,0.0,0.0,0.0,69.0,0.0,37.0,45.0,48.0,0.0,45.0,33.0,0.0,37.0,15.0,0.0,0.0,0.0,0.0,0.0,0.0,0.0,121.0,9.0,76.0,9.0,45.0,0.0,0.0
嘉峪关,2022-09-01,0.0,45.0,0.0,0.0,0.0,0.0,104.0,0.0,45.0,79.0,25.0,0.0,79.0,32.0,0.0,32.0,6.0,0.0,0.0,0.0,0.0,0.0,0.0,0.0,142.0,7.0,63.0,7.0,79.0,0.0,0.0
嘉峪关,2022-10-01,0.0,53.0,0.0,0.0,0.0,0.0,138.0,0.0,2.0,112.0,77.0,0.0,112.0,28.0,0.0,39.0,12.0,0.0,0.0,0.0,0.0,0.0,0.0,0.0,189.0,2.0,77.0,2.0,112.0,0.0,0.0
嘉峪关,2022-11-01,0.0,85.0,0.0,0.0,0.0,0.0,143.0,0.0,88.0,140.0,0.0,0.0,140.0,40.0,0.0,18.0,30.0,0.0,0.0,0.0,0.0,0.0,0.0,0.0,191.0,37.0,51.0,37.0,140.0,0.0,0.0
嘉峪关,2022-12-01,0.0,58.0,0.0,0.0,0.0,0.0,60.0,0.0,59.0,59.0,0.0,0.0,59.0,7.0,0.0,36.0,16.0,0.0,0.0,0.0,0.0,0.0,0.0,0.0,112.0,6.0,53.0,6.0,59.0,0.0,0.0
嘉峪关,2023-01-01,0.0,51.0,0.0,0.0,0.0,0.0,108.0,0.0,32.0,97.0,30.0,0.0,97.0,14.0,0.0,29.0,19.0,0.0,0.0,0.0,0.0,0.0,0.0,0.0,156.0,3.0,59.0,3.0,97.0,0.0,0.0
嘉峪关,2023-02-01,0.0,38.0,0.0,0.0,0.0,0.0,152.0,0.0,40.0,139.0,11.0,0.0,139.0,39.0,0.0,11.0,1.0,0.0,0.0,0.0,0.0,0.0,0.0,0.0,164.0,26.0,25.0,26.0,139.0,0.0,0.0
嘉峪关,2023-03-01,0.0,37.0,0.0,0.0,0.0,0.0,135.0,0.0,42.0,126.0,4.0,0.0,126.0,13.0,0.0,25.0,8.0,0.0,0.0,0.0,0.0,0.0,0.0,0.0,168.0,4.0,42.0,4.0,126.0,0.0,0.0
嘉峪关,2023-04-01,0.0,36.0,0.0,0.0,0.0,0.0,73.0,0.0,66.0,35.0,8.0,0.0,35.0,54.0,0.0,8.0,12.0,0.0,0.0,0.0,0.0,0.0,0.0,0.0,93.0,16.0,58.0,16.0,35.0,0.0,0.0
嘉峪关,2023-05-01,0.0,66.0,0.0,0.0,0.0,0.0,72.0,0.0,12.0,48.0,78.0,0.0,48.0,57.0,0.0,21.0,12.0,0.0,0.0,0.0,0.0,0.0,0.0,0.0,105.0,33.0,57.0,33.0,48.0,0.0,0.0
嘉峪关,2023-06-01,0.0,59.0,0.0,0.0,0.0,0.0,119.0,0.0,49.0,105.0,24.0,0.0,105.0,34.0,0.0,10.0,29.0,0.0,0.0,0.0,0.0,0.0,0.0,0.0,158.0,20.0,53.0,20.0,105.0,0.0,0.0
嘉峪关,2023-07-01,0.0,69.0,0.0,0.0,0.0,0.0,96.0,0.0,76.0,82.0,7.0,0.0,82.0,21.0,0.0,28.0,34.0,0.0,0.0,0.0,0.0,0.0,0.0,0.0,158.0,7.0,76.0,7.0,82.0,0.0,0.0
嘉峪关,2023-08-01,0.0,74.0,0.0,0.0,0.0,0.0,130.0,0.0,26.0,120.0,58.0,0.0,120.0,42.0,0.0,26.0,16.0,0.0,0.0,0.0,0.0,0.0,0.0,0.0,172.0,32.0,52.0,32.0,120.0,0.0,0.0
嘉峪关,2023-09-01,0.0,59.0,0.0,0.0,0.0,0.0,125.0,0.0,60.0,99.0,25.0,0.0,99.0,45.0,0.0,6.0,34.0,0.0,0.0,0.0,0.0,0.0,0.0,0.0,165.0,19.0,66.0,19.0,99.0,0.0,0.0
嘉峪关,2023-10-01,0.0,45.0,0.0,0.0,0.0,0.0,112.0,0.0,69.0,76.0,12.0,0.0,76.0,54.0,0.0,12.0,15.0,0.0,0.0,0.0,0.0,0.0,0.0,0.0,139.0,18.0,63.0,18.0,76.0,0.0,0.0
嘉峪关,2023-11-01,0.0,41.0,0.0,0.0,0.0,0.0,122.0,0.0,74.0,85.0,4.0,0.0,85.0,53.0,0.0,21.0,4.0,0.0,0.0,0.0,0.0,0.0,0.0,0.0,147.0,16.0,62.0,16.0,85.0,0.0,0.0
嘉峪关,2023-12-01,0.0,49.0,0.0,0.0,0.0,0.0,92.0,0.0,17.0,80.0,44.0,0.0,80.0,17.0,0.0,6.0,38.0,0.0,0.0,0.0,0.0,0.0,0.0,0.0,136.0,5.0,56.0,5.0,80.0,0.0,0.0
嘉峪关,2024-01-01,0.0,81.0,0.0,0.0,0.0,0.0,157.0,0.0,81.0,144.0,13.0,0.0,144.0,44.0,0.0,14.0,36.0,0.0,0.0,0.0,0.0,0.0,0.0,0.0,207.0,31.0,63.0,31.0,144.0,0.0,0.0
嘉峪关,2024-02-01,0.0,47.0,0.0,0.0,0.0,0.0,64.0,0.0,62.0,45.0,4.0,0.0,45.0,29.0,0.0,4.0,33.0,0.0,0.0,0.0,0.0,0.0,0.0,0.0,101.0,10.0,56.0,10.0,45.0,0.0,0.0
嘉峪关,2024-03-01,0.0,67.0,0.0,0.0,0.0,0.0,93.0,0.0,28.0,80.0,52.0,0.0,80.0,28.0,0.0,40.0,12.0,0.0,0.0,0.0,0.0,0.0,0.0,0.0,145.0,15.0,65.0,15.0,80.0,0.0,0.0
嘉峪关,2024-04-01,0.0,90.0,0.0,0.0,0.0,0.0,42.0,0.0,52.0,30.0,50.0,0.0,30.0,50.0,0.0,23.0,29.0,0.0,0.0,0.0,0.0,0.0,0.0,0.0,94.0,38.0,64.0,38.0,30.0,0.0,0.0
嘉峪关,2024-05-01,0.0,82.0,0.0,0.0,0.0,0.0,147.0,0.0,71.0,143.0,15.0,0.0,143.0,19.0,0.0,32.0,35.0,0.0,0.0,0.0,0.0,0.0,0.0,0.0,214.0,15.0,71.0,15.0,143.0,0.0,0.0
嘉峪关,2024-06-01,0.0,32.0,0.0,0.0,0.0,0.0,149.0,0.0,23.0,140.0,18.0,0.0,140.0,16.0,0.0,11.0,14.0,0.0,0.0,0.0,0.0,0.0,0.0,0.0,174.0,7.0,34.0,7.0,140.0,0.0,0.0
嘉峪关,2024-07-01,0.0,56.0,0.0,0.0,0.0,0.0,75.0,0.0,56.0,55.0,20.0,0.0,55.0,48.0,0.0,21.0,7.0,0.0,0.0,0.0,0.0,0.0,0.0,0.0,103.0,28.0,48.0,28.0,55.0,0.0,0.0
嘉峪关,2024-08-01,0.0,62.0,0.0,0.0,0.0,0.0,131.0,0.0,48.0,101.0,44.0,0.0,101.0,55.0,0.0,19.0,18.0,0.0,0.0,0.0,0.0,0.0,0.0,0.0,168.0,25.0,67.0,25.0,101.0,0.0,0.0
嘉峪关,2024-09-01,0.0,71.0,0.0,0.0,0.0,0.0,72.0,0.0,39.0,50.0,54.0,0.0,50.0,43.0,0.0,18.0,32.0,0.0,0.0,0.0,0.0,0.0,0.0,0.0,122.0,21.0,72.0,21.0,50.0,0.0,0.0
天水,2022-06-01,10.0,601.0,0.0,0.0,0.0,0.0,255.0,0.0,83.0,320.0,463.0,0.0,157.0,558.0,64.0,87.0,0.0,0.0,0.0,0.0,0.0,0.0,0.0,0.0,335.0,531.0,312.0,34.0,33.0,487.0,0.0
天水,2022-07-01,22.0,299.0,0.0,0.0,0.0,0.0,114.0,0.0,80.0,181.0,174.0,0.0,91.0,261.0,29.0,54.0,0.0,0.0,0.0,0.0,0.0,0.0,0.0,0.0,161.0,274.0,159.0,16.0,24.0,236.0,0.0
天水,2022-08-01,1.0,524.0,0.0,0.0,0.0,0.0,179.0,0.0,60.0,283.0,361.0,0.0,94.0,479.0,59.0,72.0,0.0,0.0,0.0,0.0,0.0,0.0,0.0,0.0,262.0,442.0,211.0,21.0,52.0,420.0,0.0
天水,2022-09-01,2.0,518.0,0.0,0.0,0.0,0.0,241.0,0.0,351.0,314.0,96.0,0.0,205.0,493.0,37.0,26.0,0.0,0.0,0.0,0.0,0.0,0.0,0.0,0.0,269.0,492.0,244.0,1.0,27.0,489.0,0.0
天水,2022-10-01,34.0,600.0,0.0,0.0,0.0,0.0,244.0,0.0,149.0,270.0,459.0,0.0,165.0,636.0,38.0,39.0,0.0,0.0,0.0,0.0,0.0,0.0,0.0,0.0,276.0,602.0,296.0,25.0,14.0,543.0,0.0
天水,2022-11-01,26.0,542.0,0.0,0.0,0.0,0.0,186.0,0.0,89.0,267.0,398.0,0.0,211.0,464.0,27.0,52.0,0.0,0.0,0.0,0.0,0.0,0.0,0.0,0.0,215.0,539.0,210.0,23.0,31.0,490.0,0.0
天水,2022-12-01,38.0,439.0,0.0,0.0,0.0,0.0,226.0,0.0,120.0,293.0,290.0,0.0,193.0,407.0,45.0,58.0,0.0,0.0,0.0,0.0,0.0,0.0,0.0,0.0,254.0,449.0,257.0,18.0,35.0,393.0,0.0
天水,2023-01-01,36.0,441.0,0.0,0.0,0.0,0.0,151.0,0.0,201.0,231.0,196.0,0.0,154.0,363.0,68.0,43.0,0.0,0.0,0.0,0.0,0.0,0.0,0.0,0.0,228.0,400.0,226.0,8.0,38.0,356.0,0.0
天水,2023-02-01,13.0,627.0,0.0,0.0,0.0,0.0,237.0,0.0,226.0,330.0,321.0,0.0,181.0,585.0,63.0,48.0,0.0,0.0,0.0,0.0,0.0,0.0,0.0,0.0,283.0,594.0,238.0,10.0,58.0,571.0,0.0
天水,2023-03-01,11.0,552.0,0.0,0.0,0.0,0.0,199.0,0.0,268.0,288.0,206.0,0.0,117.0,520.0,64.0,61.0,0.0,0.0,0.0,0.0,0.0,0.0,0.0,0.0,244.0,518.0,226.0,28.0,29.0,479.0,0.0
天水,2023-04-01,21.0,540.0,0.0,0.0,0.0,0.0,255.0,0.0,159.0,368.0,289.0,0.0,157.0,539.0,51.0,69.0,0.0,0.0,0.0,0.0,0.0,0.0,0.0,0.0,311.0,505.0,277.0,22.0,55.0,462.0,0.0
天水,2023-05-01,29.0,527.0,0.0,0.0,0.0,0.0,220.0,0.0,195.0,281.0,300.0,0.0,82.0,618.0,4.0,72.0,0.0,0.0,0.0,0.0,0.0,0.0,0.0,0.0,259.0,517.0,250.0,32.0,38.0,456.0,0.0
天水,2023-06-01,34.0,499.0,0.0,0.0,0.0,0.0,282.0,0.0,311.0,371.0,133.0,0.0,115.0,602.0,46.0,52.0,0.0,0.0,0.0,0.0,0.0,0.0,0.0,0.0,364.0,451.0,353.0,1.0,45.0,416.0,0.0
天水,2023-07-01,31.0,439.0,0.0,0.0,0.0,0.0,216.0,0.0,185.0,277.0,224.0,0.0,167.0,434.0,18.0,67.0,0.0,0.0,0.0,0.0,0.0,0.0,0.0,0.0,264.0,422.0,234.0,20.0,61.0,371.0,0.0
天水,2023-08-01,28.0,516.0,0.0,0.0,0.0,0.0,359.0,0.0,123.0,449.0,331.0,0.0,149.0,638.0,41.0,75.0,0.0,0.0,0.0,0.0,0.0,0.0,0.0,0.0,405.0,498.0,363.0,31.0,70.0,439.0,0.0
天水,2023-09-01,13.0,522.0,0.0,0.0,0.0,0.0,241.0,0.0,386.0,322.0,68.0,0.0,113.0,538.0,66.0,59.0,0.0,0.0,0.0,0.0,0.0,0.0,0.0,0.0,325.0,451.0,289.0,10.0,49.0,428.0,0.0
天水,2023-10-01,5.0,540.0,0.0,0.0,0.0,0.0,178.0,0.0,474.0,240.0,9.0,0.0,109.0,485.0,41.0,88.0,0.0,0.0,0.0,0.0,0.0,0.0,0.0,0.0,291.0,432.0,273.0,36.0,23.0,391.0,0.0
天水,2023-11-01,27.0,538.0,0.0,0.0,0.0,0.0,187.0,0.0,145.0,255.0,352.0,0.0,205.0,444.0,47.0,56.0,0.0,0.0,0.0,0.0,0.0,0.0,0.0,0.0,246.0,506.0,240.0,18.0,33.0,461.0,0.0
天水,2023-12-01,14.0,454.0,0.0,0.0,0.0,0.0,297.0,0.0,115.0,368.0,282.0,0.0,180.0,485.0,36.0,64.0,0.0,0.0,0.0,0.0,0.0,0.0,0.0,0.0,376.0,389.0,338.0,26.0,52.0,349.0,0.0
天水,2024-01-01,19.0,440.0,0.0,0.0,0.0,0.0,305.0,0.0,86.0,412.0,266.0,0.0,170.0,470.0,28.0,96.0,0.0,0.0,0.0,0.0,0.0,0.0,0.0,0.0,375.0,389.0,321.0,27.0,73.0,343.0,0.0
天水,2024-02-01,24.0,585.0,0.0,0.0,0.0,0.0,232.0,0.0,435.0,338.0,68.0,0.0,99.0,638.0,51.0,53.0,0.0,0.0,0.0,0.0,0.0,0.0,0.0,0.0,285.0,556.0,291.0,19.0,18.0,513.0,0.0
天水,2024-03-01,17.0,454.0,0.0,0.0,0.0,0.0,263.0,0.0,216.0,330.0,188.0,0.0,145.0,474.0,57.0,58.0,0.0,0.0,0.0,0.0,0.0,0.0,0.0,0.0,303.0,431.0,292.0,26.0,28.0,388.0,0.0
天水,2024-04-01,14.0,509.0,0.0,0.0,0.0,0.0,271.0,0.0,173.0,359.0,262.0,0.0,151.0,519.0,40.0,84.0,0.0,0.0,0.0,0.0,0.0,0.0,0.0,0.0,355.0,439.0,343.0,24.0,26.0,401.0,0.0
天水,2024-05-01,2.0,514.0,0.0,0.0,0.0,0.0,298.0,0.0,254.0,350.0,210.0,0.0,172.0,561.0,49.0,32.0,0.0,0.0,0.0,0.0,0.0,0.0,0.0,0.0,319.0,495.0,260.0,3.0,61.0,490.0,0.0
天水,2024-06-01,8.0,589.0,0.0,0.0,0.0,0.0,202.0,0.0,362.0,294.0,143.0,0.0,113.0,550.0,60.0,76.0,0.0,0.0,0.0,0.0,0.0,0.0,0.0,0.0,301.0,498.0,278.0,28.0,31.0,462.0,0.0
天水,2024-07-01,35.0,457.0,0.0,0.0,0.0,0.0,223.0,0.0,130.0,297.0,288.0,0.0,251.0,381.0,8.0,75.0,0.0,0.0,0.0,0.0,0.0,0.0,0.0,0.0,259.0,456.0,251.0,33.0,43.0,388.0,0.0
天水,2024-08-01,19.0,564.0,0.0,0.0,0.0,0.0,244.0,16.0,115.0,285.0,411.0,0.0,127.0,578.0,66.0,56.0,0.0,0.0,0.0,0.0,0.0,0.0,0.0,0.0,343.0,484.0,341.0,30.0,21.0,419.0,16.0
天水,2024-09-01,8.0,474.0,0.0,0.0,0.0,0.0,298.0,0.0,107.0,408.0,265.0,0.0,123.0,552.0,50.0,55.0,0.0,0.0,0.0,0.0,0.0,0.0,0.0,0.0,337.0,443.0,276.0,5.0,69.0,430.0,0.0
定西,2022-06-01,39.0,304.0,0.0,0.0,0.0,140.0,112.0,0.0,338.0,73.0,184.0,0.0,288.0,221.0,34.0,52.0,0.0,0.0,0.0,0.0,0.0,0.0,0.0,0.0,107.0,488.0,250.0,0.0,36.0,309.0,0.0
定西,2022-07-01,14.0,265.0,0.0,0.0,0.0,39.0,92.0,0.0,88.0,73.0,249.0,0.0,108.0,260.0,17.0,25.0,0.0,0.0,0.0,0.0,0.0,0.0,0.0,0.0,90.0,320.0,132.0,0.0,11.0,267.0,0.0
定西,2022-08-01,36.0,299.0,0.0,0.0,0.0,82.0,139.0,0.0,356.0,64.0,136.0,0.0,196.0,352.0,6.0,2.0,0.0,0.0,0.0,0.0,0.0,0.0,0.0,0.0,70.0,486.0,187.0,0.0,1.0,368.0,0.0
定西,2022-09-01,33.0,419.0,0.0,0.0,0.0,62.0,84.0,0.0,125.0,103.0,370.0,0.0,142.0,390.0,6.0,60.0,0.0,0.0,0.0,0.0,0.0,0.0,0.0,0.0,109.0,489.0,168.0,0.0,36.0,394.0,0.0
定西,2022-10-01,22.0,345.0,0.0,0.0,0.0,68.0,96.0,0.0,438.0,30.0,63.0,0.0,161.0,319.0,30.0,21.0,0.0,0.0,0.0,0.0,0.0,0.0,0.0,0.0,60.0,471.0,131.0,0.0,19.0,381.0,0.0
定西,2022-11-01,28.0,370.0,0.0,0.0,0.0,82.0,118.0,0.0,395.0,134.0,69.0,0.0,191.0,310.0,25.0,72.0,0.0,0.0,0.0,0.0,0.0,0.0,0.0,0.0,159.0,439.0,236.0,0.0,33.0,329.0,0.0
定西,2022-12-01,22.0,322.0,0.0,0.0,0.0,60.0,121.0,0.0,176.0,121.0,228.0,0.0,95.0,352.0,24.0,54.0,0.0,0.0,0.0,0.0,0.0,0.0,0.0,0.0,145.0,380.0,209.0,0.0,18.0,298.0,0.0
定西,2023-01-01,9.0,345.0,0.0,0.0,0.0,98.0,118.0,0.0,248.0,103.0,219.0,0.0,169.0,310.0,17.0,74.0,0.0,0.0,0.0,0.0,0.0,0.0,0.0,0.0,120.0,450.0,191.0,0.0,36.0,343.0,0.0
定西,2023-02-01,35.0,253.0,0.0,0.0,0.0,92.0,120.0,0.0,259.0,108.0,133.0,0.0,170.0,255.0,31.0,44.0,0.0,0.0,0.0,0.0,0.0,0.0,0.0,0.0,139.0,361.0,257.0,0.0,9.0,234.0,0.0
定西,2023-03-01,23.0,325.0,0.0,0.0,0.0,82.0,146.0,0.0,152.0,114.0,310.0,0.0,200.0,290.0,15.0,71.0,0.0,0.0,0.0,0.0,0.0,0.0,0.0,0.0,129.0,447.0,194.0,0.0,40.0,342.0,0.0
定西,2023-04-01,5.0,415.0,0.0,0.0,0.0,93.0,138.0,0.0,285.0,98.0,268.0,0.0,210.0,392.0,8.0,41.0,0.0,0.0,0.0,0.0,0.0,0.0,0.0,0.0,106.0,545.0,181.0,0.0,23.0,447.0,0.0
定西,2023-05-01,5.0,369.0,0.0,0.0,0.0,71.0,110.0,0.0,186.0,88.0,281.0,0.0,115.0,362.0,32.0,46.0,0.0,0.0,0.0,0.0,0.0,0.0,0.0,0.0,120.0,435.0,188.0,0.0,8.0,359.0,0.0
定西,2023-06-01,18.0,257.0,0.0,0.0,0.0,32.0,73.0,0.0,106.0,58.0,216.0,0.0,110.0,237.0,9.0,24.0,0.0,0.0,0.0,0.0,0.0,0.0,0.0,0.0,67.0,313.0,101.0,0.0,16.0,263.0,0.0
定西,2023-07-01,20.0,360.0,0.0,0.0,0.0,140.0,114.0,0.0,168.0,108.0,358.0,0.0,187.0,371.0,33.0,43.0,0.0,0.0,0.0,0.0,0.0,0.0,0.0,0.0,141.0,493.0,291.0,0.0,10.0,333.0,0.0
定西,2023-08-01,28.0,361.0,0.0,0.0,0.0,131.0,87.0,0.0,239.0,66.0,302.0,0.0,233.0,300.0,24.0,50.0,0.0,0.0,0.0,0.0,0.0,0.0,0.0,0.0,90.0,517.0,234.0,0.0,15.0,358.0,0.0
定西,2023-09-01,25.0,398.0,0.0,0.0,0.0,44.0,92.0,0.0,210.0,72.0,277.0,0.0,166.0,349.0,4.0,40.0,0.0,0.0,0.0,0.0,0.0,0.0,0.0,0.0,76.0,483.0,122.0,0.0,23.0,414.0,0.0
定西,2023-10-01,12.0,351.0,0.0,0.0,0.0,106.0,115.0,0.0,212.0,99.0,273.0,0.0,169.0,318.0,36.0,61.0,0.0,0.0,0.0,0.0,0.0,0.0,0.0,0.0,135.0,449.0,217.0,0.0,36.0,331.0,0.0
定西,2023-11-01,6.0,385.0,0.0,0.0,0.0,136.0,137.0,0.0,150.0,117.0,397.0,0.0,222.0,377.0,5.0,60.0,0.0,0.0,0.0,0.0,0.0,0.0,0.0,0.0,122.0,542.0,239.0,0.0,25.0,400.0,0.0
定西,2023-12-01,14.0,295.0,0.0,0.0,0.0,54.0,39.0,0.0,168.0,32.0,202.0,0.0,98.0,279.0,8.0,17.0,0.0,0.0,0.0,0.0,0.0,0.0,0.0,0.0,40.0,362.0,107.0,0.0,1.0,294.0,0.0
定西,2024-01-01,19.0,350.0,0.0,0.0,0.0,75.0,128.0,0.0,218.0,115.0,239.0,0.0,171.0,316.0,38.0,47.0,0.0,0.0,0.0,0.0,0.0,0.0,0.0,0.0,153.0,419.0,226.0,0.0,21.0,325.0,0.0
定西,2024-02-01,33.0,287.0,0.0,0.0,0.0,102.0,83.0,0.0,359.0,37.0,109.0,0.0,200.0,269.0,34.0,2.0,0.0,0.0,0.0,0.0,0.0,0.0,0.0,0.0,71.0,434.0,205.0,0.0,1.0,299.0,0.0
定西,2024-03-01,29.0,396.0,0.0,0.0,0.0,145.0,85.0,0.0,419.0,103.0,133.0,0.0,224.0,358.0,19.0,54.0,0.0,0.0,0.0,0.0,0.0,0.0,0.0,0.0,122.0,533.0,278.0,0.0,18.0,359.0,0.0
定西,2024-04-01,8.0,337.0,0.0,0.0,0.0,115.0,104.0,0.0,304.0,104.0,156.0,0.0,216.0,278.0,19.0,51.0,0.0,0.0,0.0,0.0,0.0,0.0,0.0,0.0,123.0,441.0,217.0,0.0,29.0,318.0,0.0
定西,2024-05-01,9.0,405.0,0.0,0.0,0.0,60.0,118.0,0.0,332.0,96.0,164.0,0.0,132.0,402.0,2.0,56.0,0.0,0.0,0.0,0.0,0.0,0.0,0.0,0.0,98.0,494.0,131.0,0.0,36.0,425.0,0.0
定西,2024-06-01,23.0,310.0,0.0,0.0,0.0,116.0,129.0,0.0,335.0,116.0,127.0,0.0,206.0,290.0,23.0,59.0,0.0,0.0,0.0,0.0,0.0,0.0,0.0,0.0,139.0,439.0,247.0,0.0,31.0,300.0,0.0
定西,2024-07-01,33.0,352.0,0.0,0.0,0.0,55.0,110.0,0.0,258.0,97.0,195.0,0.0,151.0,328.0,35.0,36.0,0.0,0.0,0.0,0.0,0.0,0.0,0.0,0.0,132.0,418.0,197.0,0.0,23.0,330.0,0.0
定西,2024-08-01,19.0,378.0,0.0,0.0,0.0,57.0,70.0,0.0,127.0,106.0,291.0,0.0,146.0,303.0,2.0,73.0,0.0,0.0,0.0,0.0,0.0,0.0,0.0,0.0,108.0,416.0,148.0,0.0,36.0,340.0,0.0
定西,2024-09-01,20.0,299.0,0.0,0.0,0.0,50.0,76.0,0.0,59.0,49.0,337.0,0.0,135.0,278.0,9.0,23.0,0.0,0.0,0.0,0.0,0.0,0.0,0.0,0.0,58.0,387.0,122.0,0.0,6.0,317.0,0.0
平凉,2022-06-01,29.0,593.0,0.0,0.0,0.0,18.0,147.0,0.0,381.0,125.0,281.0,0.0,120.0,345.0,251.0,54.0,17.0,0.0,0.0,0.0,0.0,0.0,0.0,0.0,334.0,453.0,337.0,0.0,35.0,415.0,0.0
平凉,2022-07-01,11.0,376.0,0.0,0.0,0.0,48.0,133.0,0.0,146.0,137.0,285.0,0.0,121.0,303.0,79.0,54.0,11.0,0.0,0.0,0.0,0.0,0.0,0.0,0.0,193.0,375.0,209.0,0.0,24.0,335.0,0.0
平凉,2022-08-01,21.0,794.0,0.0,0.0,0.0,43.0,145.0,0.0,368.0,168.0,467.0,0.0,139.0,512.0,267.0,48.0,37.0,0.0,0.0,0.0,0.0,0.0,0.0,0.0,329.0,674.0,366.0,0.0,16.0,621.0,0.0
平凉,2022-09-01,40.0,830.0,0.0,0.0,0.0,32.0,136.0,0.0,172.0,216.0,650.0,0.0,151.0,455.0,317.0,76.0,39.0,0.0,0.0,0.0,0.0,0.0,0.0,0.0,362.0,676.0,397.0,0.0,31.0,610.0,0.0
平凉,2022-10-01,21.0,657.0,0.0,0.0,0.0,36.0,162.0,0.0,423.0,183.0,270.0,0.0,111.0,456.0,209.0,85.0,15.0,0.0,0.0,0.0,0.0,0.0,0.0,0.0,325.0,551.0,341.0,0.0,37.0,498.0,0.0
平凉,2022-11-01,18.0,791.0,0.0,0.0,0.0,66.0,170.0,0.0,251.0,179.0,615.0,0.0,192.0,513.0,218.0,96.0,26.0,0.0,0.0,0.0,0.0,0.0,0.0,0.0,319.0,726.0,314.0,0.0,57.0,674.0,0.0
平凉,2022-12-01,22.0,777.0,0.0,0.0,0.0,56.0,178.0,0.0,261.0,177.0,595.0,0.0,149.0,565.0,203.0,76.0,40.0,0.0,0.0,0.0,0.0,0.0,0.0,0.0,283.0,750.0,319.0,0.0,14.0,700.0,0.0
平凉,2023-01-01,31.0,659.0,0.0,0.0,0.0,33.0,150.0,0.0,402.0,188.0,283.0,0.0,117.0,463.0,206.0,72.0,15.0,0.0,0.0,0.0,0.0,0.0,0.0,0.0,255.0,618.0,274.0,0.0,38.0,561.0,0.0
平凉,2023-02-01,38.0,890.0,0.0,0.0,0.0,51.0,146.0,0.0,326.0,216.0,583.0,0.0,185.0,608.0,226.0,99.0,7.0,0.0,0.0,0.0,0.0,0.0,0.0,0.0,303.0,822.0,309.0,0.0,54.0,762.0,0.0
平凉,2023-03-01,29.0,873.0,0.0,0.0,0.0,26.0,149.0,0.0,230.0,245.0,602.0,0.0,110.0,656.0,175.0,116.0,20.0,0.0,0.0,0.0,0.0,0.0,0.0,0.0,372.0,705.0,344.0,0.0,66.0,667.0,0.0
平凉,2023-04-01,39.0,613.0,0.0,0.0,0.0,41.0,144.0,0.0,413.0,229.0,195.0,0.0,164.0,387.0,159.0,111.0,16.0,0.0,0.0,0.0,0.0,0.0,0.0,0.0,328.0,509.0,317.0,0.0,68.0,452.0,0.0
平凉,2023-05-01,5.0,766.0,0.0,0.0,0.0,10.0,120.0,0.0,357.0,145.0,399.0,0.0,77.0,572.0,195.0,39.0,18.0,0.0,0.0,0.0,0.0,0.0,0.0,0.0,247.0,654.0,227.0,0.0,29.0,645.0,0.0
平凉,2023-06-01,3.0,747.0,0.0,0.0,0.0,39.0,166.0,0.0,291.0,172.0,492.0,0.0,103.0,613.0,166.0,72.0,1.0,0.0,0.0,0.0,0.0,0.0,0.0,0.0,282.0,673.0,288.0,0.0,14.0,653.0,0.0
平凉,2023-07-01,37.0,613.0,0.0,0.0,0.0,72.0,82.0,0.0,190.0,183.0,431.0,0.0,180.0,277.0,197.0,130.0,20.0,0.0,0.0,0.0,0.0,0.0,0.0,0.0,323.0,481.0,344.0,0.0,55.0,405.0,0.0
平凉,2023-08-01,22.0,707.0,0.0,0.0,0.0,27.0,107.0,0.0,255.0,163.0,445.0,0.0,67.0,510.0,179.0,101.0,6.0,0.0,0.0,0.0,0.0,0.0,0.0,0.0,312.0,551.0,282.0,0.0,59.0,522.0,0.0
平凉,2023-09-01,17.0,790.0,0.0,0.0,0.0,37.0,114.0,0.0,554.0,203.0,201.0,0.0,113.0,488.0,213.0,111.0,33.0,0.0,0.0,0.0,0.0,0.0,0.0,0.0,361.0,597.0,337.0,0.0,48.0,573.0,0.0
平凉,2023-10-01,1.0,652.0,0.0,0.0,0.0,53.0,168.0,0.0,257.0,269.0,348.0,0.0,127.0,440.0,163.0,126.0,18.0,0.0,0.0,0.0,0.0,0.0,0.0,0.0,340.0,534.0,282.0,0.0,79.0,513.0,0.0
平凉,2023-11-01,22.0,779.0,0.0,0.0,0.0,29.0,213.0,0.0,392.0,208.0,443.0,0.0,134.0,553.0,259.0,82.0,15.0,0.0,0.0,0.0,0.0,0.0,0.0,0.0,296.0,747.0,310.0,0.0,32.0,701.0,0.0
平凉,2023-12-01,25.0,703.0,0.0,0.0,0.0,14.0,142.0,0.0,540.0,220.0,124.0,0.0,165.0,448.0,116.0,131.0,24.0,0.0,0.0,0.0,0.0,0.0,0.0,0.0,250.0,634.0,215.0,0.0,65.0,604.0,0.0
平凉,2024-01-01,34.0,767.0,0.0,0.0,0.0,48.0,157.0,0.0,351.0,220.0,435.0,0.0,149.0,513.0,212.0,98.0,34.0,0.0,0.0,0.0,0.0,0.0,0.0,0.0,367.0,639.0,354.0,0.0,62.0,590.0,0.0
平凉,2024-02-01,3.0,648.0,0.0,0.0,0.0,28.0,162.0,0.0,277.0,130.0,434.0,0.0,99.0,541.0,143.0,38.0,20.0,0.0,0.0,0.0,0.0,0.0,0.0,0.0,240.0,601.0,240.0,0.0,28.0,573.0,0.0
平凉,2024-03-01,10.0,661.0,0.0,0.0,0.0,23.0,161.0,0.0,198.0,194.0,463.0,0.0,93.0,485.0,208.0,63.0,6.0,0.0,0.0,0.0,0.0,0.0,0.0,0.0,316.0,539.0,296.0,0.0,42.0,517.0,0.0
平凉,2024-04-01,26.0,752.0,0.0,0.0,0.0,29.0,119.0,0.0,97.0,185.0,644.0,0.0,140.0,460.0,211.0,87.0,28.0,0.0,0.0,0.0,0.0,0.0,0.0,0.0,322.0,604.0,324.0,0.0,51.0,551.0,0.0
平凉,2024-05-01,15.0,619.0,0.0,0.0,0.0,35.0,148.0,0.0,204.0,146.0,467.0,0.0,146.0,485.0,115.0,54.0,17.0,0.0,0.0,0.0,0.0,0.0,0.0,0.0,202.0,615.0,209.0,0.0,32.0,576.0,0.0
平凉,2024-06-01,8.0,826.0,0.0,0.0,0.0,71.0,128.0,0.0,585.0,163.0,285.0,0.0,177.0,450.0,315.0,79.0,12.0,0.0,0.0,0.0,0.0,0.0,0.0,0.0,312.0,721.0,317.0,0.0,35.0,681.0,0.0
平凉,2024-07-01,30.0,872.0,0.0,0.0,0.0,71.0,144.0,0.0,593.0,158.0,366.0,0.0,168.0,623.0,211.0,83.0,32.0,0.0,0.0,0.0,0.0,0.0,0.0,0.0,348.0,769.0,356.0,0.0,55.0,706.0,0.0
平凉,2024-08-01,14.0,686.0,0.0,0.0,0.0,76.0,111.0,0.0,343.0,181.0,363.0,0.0,173.0,455.0,153.0,69.0,37.0,0.0,0.0,0.0,0.0,0.0,0.0,0.0,302.0,585.0,319.0,0.0,37.0,531.0,0.0
平凉,2024-09-01,2.0,767.0,0.0,0.0,0.0,16.0,107.0,0.0,75.0,170.0,647.0,0.0,100.0,452.0,226.0,78.0,36.0,0.0,0.0,0.0,0.0,0.0,0.0,0.0,313.0,579.0,259.0,0.0,63.0,570.0,0.0
庆阳,2022-06-01,28.0,781.0,69.0,0.0,36.0,101.0,346.0,0.0,527.0,444.0,390.0,0.0,350.0,688.0,118.0,146.0,39.0,20.0,0.0,0.0,0.0,0.0,0.0,0.0,605.0,756.0,641.0,101.0,136.0,483.0,0.0
庆阳,2022-07-01,11.0,540.0,39.0,0.0,11.0,35.0,181.0,0.0,223.0,257.0,337.0,0.0,190.0,410.0,90.0,98.0,11.0,18.0,0.0,0.0,0.0,0.0,0.0,0.0,323.0,494.0,301.0,59.0,96.0,361.0,0.0
庆阳,2022-08-01,24.0,707.0,102.0,0.0,16.0,144.0,410.0,0.0,511.0,483.0,409.0,0.0,267.0,805.0,113.0,164.0,27.0,27.0,0.0,0.0,0.0,0.0,0.0,0.0,669.0,734.0,696.0,108.0,150.0,449.0,0.0
庆阳,2022-09-01,30.0,824.0,50.0,0.0,14.0,81.0,358.0,0.0,458.0,520.0,379.0,0.0,299.0,732.0,76.0,208.0,8.0,34.0,0.0,0.0,0.0,0.0,0.0,0.0,607.0,750.0,592.0,73.0,159.0,533.0,0.0
庆阳,2022-10-01,23.0,613.0,65.0,0.0,9.0,77.0,305.0,0.0,284.0,386.0,422.0,0.0,326.0,527.0,116.0,115.0,3.0,5.0,0.0,0.0,0.0,0.0,0.0,0.0,457.0,635.0,546.0,105.0,73.0,368.0,0.0
庆阳,2022-11-01,23.0,892.0,45.0,0.0,23.0,122.0,330.0,0.0,491.0,439.0,505.0,0.0,319.0,762.0,138.0,173.0,12.0,31.0,0.0,0.0,0.0,0.0,0.0,0.0,585.0,850.0,634.0,108.0,112.0,581.0,0.0
庆阳,2022-12-01,23.0,730.0,49.0,0.0,6.0,102.0,363.0,0.0,434.0,475.0,364.0,0.0,305.0,696.0,115.0,111.0,20.0,26.0,0.0,0.0,0.0,0.0,0.0,0.0,550.0,723.0,595.0,95.0,118.0,465.0,0.0
庆阳,2023-01-01,12.0,510.0,32.0,0.0,29.0,99.0,226.0,0.0,407.0,311.0,190.0,0.0,212.0,489.0,65.0,82.0,27.0,33.0,0.0,0.0,0.0,0.0,0.0,0.0,392.0,516.0,423.0,58.0,95.0,332.0,0.0
庆阳,2023-02-01,22.0,745.0,33.0,0.0,8.0,40.0,425.0,0.0,327.0,499.0,447.0,0.0,212.0,750.0,59.0,192.0,30.0,30.0,0.0,0.0,0.0,0.0,0.0,0.0,660.0,613.0,665.0,85.0,77.0,446.0,0.0
庆阳,2023-03-01,1.0,816.0,101.0,0.0,21.0,137.0,414.0,0.0,572.0,520.0,398.0,0.0,344.0,773.0,90.0,248.0,31.0,4.0,0.0,0.0,0.0,0.0,0.0,0.0,691.0,799.0,751.0,120.0,127.0,492.0,0.0
庆阳,2023-04-01,24.0,948.0,61.0,0.0,19.0,87.0,308.0,0.0,523.0,475.0,449.0,0.0,355.0,728.0,96.0,200.0,38.0,30.0,0.0,0.0,0.0,0.0,0.0,0.0,614.0,833.0,648.0,74.0,124.0,601.0,0.0
庆阳,2023-05-01,13.0,746.0,30.0,0.0,22.0,36.0,255.0,0.0,480.0,344.0,278.0,0.0,253.0,596.0,125.0,89.0,2.0,37.0,0.0,0.0,0.0,0.0,0.0,0.0,409.0,693.0,363.0,76.0,115.0,548.0,0.0
庆阳,2023-06-01,21.0,848.0,95.0,0.0,23.0,130.0,393.0,0.0,595.0,486.0,429.0,0.0,360.0,846.0,120.0,141.0,7.0,36.0,0.0,0.0,0.0,0.0,0.0,0.0,613.0,897.0,666.0,100.0,151.0,593.0,0.0
庆阳,2023-07-01,22.0,729.0,46.0,0.0,13.0,79.0,347.0,0.0,526.0,390.0,320.0,0.0,286.0,643.0,92.0,177.0,34.0,4.0,0.0,0.0,0.0,0.0,0.0,0.0,547.0,689.0,608.0,120.0,98.0,410.0,0.0
庆阳,2023-08-01,17.0,681.0,28.0,0.0,38.0,35.0,310.0,0.0,442.0,380.0,287.0,0.0,252.0,633.0,66.0,103.0,32.0,23.0,0.0,0.0,0.0,0.0,0.0,0.0,498.0,611.0,462.0,90.0,123.0,434.0,0.0
庆阳,2023-09-01,14.0,785.0,70.0,0.0,21.0,83.0,297.0,0.0,379.0,435.0,456.0,0.0,301.0,675.0,119.0,165.0,9.0,1.0,0.0,0.0,0.0,0.0,0.0,0.0,546.0,724.0,564.0,57.0,119.0,530.0,0.0
庆阳,2023-10-01,3.0,830.0,75.0,0.0,21.0,38.0,374.0,0.0,609.0,477.0,255.0,0.0,215.0,800.0,124.0,186.0,9.0,7.0,0.0,0.0,0.0,0.0,0.0,0.0,602.0,739.0,515.0,110.0,138.0,578.0,0.0
庆阳,2023-11-01,7.0,907.0,50.0,0.0,16.0,48.0,357.0,0.0,573.0,530.0,282.0,0.0,181.0,839.0,94.0,212.0,31.0,28.0,0.0,0.0,0.0,0.0,0.0,0.0,665.0,720.0,618.0,72.0,138.0,557.0,0.0
庆阳,2023-12-01,31.0,835.0,65.0,0.0,26.0,91.0,404.0,0.0,315.0,524.0,613.0,0.0,372.0,717.0,94.0,240.0,1.0,28.0,0.0,0.0,0.0,0.0,0.0,0.0,678.0,774.0,664.0,64.0,179.0,545.0,0.0
庆阳,2024-01-01,16.0,766.0,73.0,0.0,1.0,43.0,181.0,0.0,353.0,401.0,326.0,0.0,234.0,448.0,107.0,267.0,13.0,11.0,0.0,0.0,0.0,0.0,0.0,0.0,456.0,624.0,477.0,80.0,98.0,425.0,0.0
庆阳,2024-02-01,22.0,749.0,38.0,0.0,39.0,147.0,166.0,0.0,454.0,464.0,243.0,0.0,323.0,491.0,106.0,207.0,10.0,24.0,0.0,0.0,0.0,0.0,0.0,0.0,502.0,659.0,554.0,43.0,139.0,425.0,0.0
庆阳,2024-03-01,4.0,714.0,90.0,0.0,37.0,140.0,225.0,0.0,435.0,392.0,383.0,0.0,377.0,497.0,88.0,200.0,26.0,22.0,0.0,0.0,0.0,0.0,0.0,0.0,506.0,704.0,546.0,120.0,145.0,399.0,0.0
庆阳,2024-04-01,15.0,804.0,64.0,0.0,27.0,115.0,293.0,0.0,307.0,532.0,479.0,0.0,306.0,559.0,146.0,234.0,37.0,36.0,0.0,0.0,0.0,0.0,0.0,0.0,652.0,666.0,675.0,101.0,156.0,386.0,0.0
庆阳,2024-05-01,22.0,768.0,103.0,0.0,32.0,102.0,372.0,0.0,571.0,545.0,283.0,0.0,270.0,780.0,120.0,198.0,20.0,11.0,0.0,0.0,0.0,0.0,0.0,0.0,680.0,719.0,714.0,86.0,142.0,457.0,0.0
庆阳,2024-06-01,24.0,891.0,82.0,0.0,27.0,119.0,312.0,0.0,696.0,484.0,275.0,0.0,345.0,769.0,60.0,234.0,14.0,33.0,0.0,0.0,0.0,0.0,0.0,0.0,605.0,850.0,658.0,68.0,147.0,582.0,0.0
庆阳,2024-07-01,37.0,786.0,96.0,0.0,36.0,67.0,346.0,0.0,440.0,483.0,445.0,0.0,320.0,711.0,97.0,203.0,11.0,26.0,0.0,0.0,0.0,0.0,0.0,0.0,584.0,784.0,624.0,81.0,138.0,525.0,0.0
庆阳,2024-08-01,18.0,816.0,74.0,0.0,6.0,120.0,330.0,0.0,483.0,497.0,384.0,0.0,286.0,724.0,83.0,222.0,18.0,31.0,0.0,0.0,0.0,0.0,0.0,0.0,591.0,773.0,652.0,47.0,122.0,543.0,0.0
庆阳,2024-09-01,34.0,872.0,55.0,0.0,19.0,117.0,401.0,0.0,837.0,477.0,184.0,0.0,362.0,811.0,103.0,195.0,11.0,16.0,0.0,0.0,0.0,0.0,0.0,0.0,628.0,870.0,762.0,77.0,68.0,591.0,0.0
张掖,2022-06-01,0.0,429.0,3.0,0.0,0.0,0.0,47.0,0.0,94.0,181.0,204.0,0.0,51.0,175.0,117.0,93.0,14.0,29.0,0.0,0.0,0.0,0.0,0.0,0.0,193.0,286.0,117.0,14.0,76.0,245.0,27.0
张掖,2022-07-01,0.0,307.0,12.0,0.0,0.0,0.0,53.0,0.0,141.0,155.0,76.0,0.0,33.0,146.0,78.0,87.0,15.0,13.0,0.0,0.0,0.0,0.0,0.0,0.0,183.0,189.0,126.0,13.0,57.0,165.0,11.0
张掖,2022-08-01,0.0,389.0,3.0,0.0,0.0,0.0,83.0,0.0,98.0,230.0,147.0,0.0,52.0,175.0,87.0,97.0,35.0,29.0,0.0,0.0,0.0,0.0,0.0,0.0,241.0,234.0,143.0,9.0,98.0,202.0,23.0
张掖,2022-09-01,0.0,280.0,4.0,0.0,0.0,0.0,50.0,0.0,95.0,161.0,78.0,0.0,59.0,85.0,83.0,64.0,5.0,38.0,0.0,0.0,0.0,0.0,0.0,0.0,152.0,182.0,59.0,22.0,93.0,159.0,1.0
张掖,2022-10-01,0.0,388.0,16.0,0.0,0.0,0.0,94.0,0.0,173.0,193.0,132.0,0.0,45.0,202.0,123.0,89.0,7.0,32.0,0.0,0.0,0.0,0.0,0.0,0.0,168.0,330.0,92.0,37.0,76.0,277.0,16.0
张掖,2022-11-01,0.0,329.0,36.0,0.0,0.0,0.0,50.0,0.0,76.0,164.0,175.0,0.0,42.0,147.0,117.0,84.0,22.0,3.0,0.0,0.0,0.0,0.0,0.0,0.0,202.0,213.0,144.0,11.0,58.0,195.0,7.0
张掖,2022-12-01,0.0,328.0,19.0,0.0,0.0,0.0,32.0,0.0,197.0,122.0,60.0,0.0,37.0,149.0,94.0,69.0,24.0,6.0,0.0,0.0,0.0,0.0,0.0,0.0,168.0,211.0,97.0,22.0,71.0,171.0,18.0
张掖,2023-01-01,0.0,368.0,15.0,0.0,0.0,0.0,66.0,0.0,169.0,154.0,126.0,0.0,26.0,180.0,100.0,80.0,39.0,24.0,0.0,0.0,0.0,0.0,0.0,0.0,206.0,243.0,161.0,34.0,45.0,186.0,23.0
张掖,2023-02-01,0.0,358.0,9.0,0.0,0.0,0.0,21.0,0.0,144.0,177.0,67.0,0.0,19.0,119.0,110.0,96.0,16.0,28.0,0.0,0.0,0.0,0.0,0.0,0.0,209.0,179.0,104.0,2.0,105.0,160.0,17.0
张掖,2023-03-01,0.0,400.0,17.0,0.0,0.0,0.0,84.0,0.0,123.0,180.0,198.0,0.0,43.0,221.0,121.0,80.0,32.0,4.0,0.0,0.0,0.0,0.0,0.0,0.0,197.0,304.0,154.0,40.0,43.0,239.0,25.0
张掖,2023-04-01,0.0,378.0,17.0,0.0,0.0,0.0,52.0,0.0,55.0,207.0,185.0,0.0,67.0,202.0,59.0,78.0,9.0,32.0,0.0,0.0,0.0,0.0,0.0,0.0,226.0,221.0,148.0,8.0,78.0,210.0,3.0
张掖,2023-05-01,0.0,418.0,22.0,0.0,0.0,0.0,81.0,0.0,193.0,248.0,80.0,0.0,60.0,241.0,94.0,105.0,10.0,11.0,0.0,0.0,0.0,0.0,0.0,0.0,240.0,281.0,151.0,7.0,89.0,236.0,38.0
张掖,2023-06-01,0.0,488.0,24.0,0.0,0.0,0.0,83.0,0.0,245.0,253.0,97.0,0.0,74.0,245.0,109.0,145.0,17.0,5.0,0.0,0.0,0.0,0.0,0.0,0.0,276.0,319.0,197.0,19.0,79.0,264.0,36.0
张掖,2023-07-01,0.0,403.0,32.0,0.0,0.0,0.0,44.0,0.0,150.0,219.0,110.0,0.0,47.0,160.0,95.0,114.0,25.0,38.0,0.0,0.0,0.0,0.0,0.0,0.0,260.0,219.0,167.0,8.0,93.0,204.0,7.0
张掖,2023-08-01,0.0,426.0,37.0,0.0,0.0,0.0,53.0,0.0,85.0,248.0,183.0,0.0,38.0,180.0,99.0,142.0,28.0,29.0,0.0,0.0,0.0,0.0,0.0,0.0,269.0,247.0,184.0,11.0,85.0,198.0,38.0
张掖,2023-09-01,0.0,340.0,6.0,0.0,0.0,0.0,52.0,0.0,82.0,152.0,164.0,0.0,41.0,130.0,81.0,92.0,40.0,14.0,0.0,0.0,0.0,0.0,0.0,0.0,222.0,176.0,133.0,25.0,89.0,123.0,28.0
张掖,2023-10-01,0.0,450.0,37.0,0.0,0.0,0.0,42.0,0.0,116.0,249.0,164.0,0.0,33.0,238.0,106.0,125.0,10.0,17.0,0.0,0.0,0.0,0.0,0.0,0.0,238.0,291.0,165.0,2.0,73.0,278.0,11.0
张掖,2023-11-01,0.0,464.0,36.0,0.0,0.0,0.0,96.0,0.0,176.0,233.0,187.0,0.0,65.0,249.0,140.0,107.0,14.0,21.0,0.0,0.0,0.0,0.0,0.0,0.0,234.0,362.0,175.0,27.0,59.0,306.0,29.0
张掖,2023-12-01,0.0,362.0,9.0,0.0,0.0,0.0,50.0,0.0,69.0,216.0,136.0,0.0,58.0,142.0,86.0,93.0,6.0,36.0,0.0,0.0,0.0,0.0,0.0,0.0,226.0,195.0,120.0,7.0,106.0,163.0,25.0
张掖,2024-01-01,0.0,396.0,35.0,0.0,0.0,0.0,27.0,0.0,135.0,178.0,145.0,0.0,41.0,133.0,117.0,120.0,38.0,9.0,0.0,0.0,0.0,0.0,0.0,0.0,236.0,222.0,165.0,9.0,71.0,201.0,12.0
张掖,2024-02-01,0.0,361.0,6.0,0.0,0.0,0.0,63.0,0.0,110.0,163.0,157.0,0.0,44.0,155.0,99.0,112.0,18.0,2.0,0.0,0.0,0.0,0.0,0.0,0.0,203.0,227.0,135.0,18.0,68.0,174.0,35.0
张掖,2024-03-01,0.0,382.0,35.0,0.0,0.0,0.0,46.0,0.0,147.0,177.0,139.0,0.0,57.0,215.0,47.0,120.0,20.0,4.0,0.0,0.0,0.0,0.0,0.0,0.0,215.0,248.0,171.0,6.0,44.0,212.0,30.0
张掖,2024-04-01,0.0,264.0,24.0,0.0,0.0,0.0,29.0,0.0,81.0,171.0,65.0,0.0,3.0,99.0,83.0,97.0,9.0,26.0,0.0,0.0,0.0,0.0,0.0,0.0,175.0,142.0,99.0,14.0,76.0,112.0,16.0
张掖,2024-05-01,0.0,410.0,39.0,0.0,0.0,0.0,100.0,0.0,35.0,273.0,241.0,0.0,44.0,197.0,126.0,127.0,30.0,25.0,0.0,0.0,0.0,0.0,0.0,0.0,304.0,245.0,211.0,30.0,93.0,191.0,24.0
张掖,2024-06-01,0.0,333.0,22.0,0.0,0.0,0.0,99.0,0.0,160.0,222.0,72.0,0.0,41.0,187.0,103.0,81.0,7.0,35.0,0.0,0.0,0.0,0.0,0.0,0.0,229.0,225.0,160.0,26.0,69.0,163.0,36.0
张掖,2024-07-01,0.0,458.0,5.0,0.0,0.0,0.0,44.0,0.0,83.0,198.0,226.0,0.0,63.0,199.0,132.0,91.0,21.0,1.0,0.0,0.0,0.0,0.0,0.0,0.0,228.0,279.0,142.0,6.0,86.0,266.0,7.0
张掖,2024-08-01,0.0,379.0,40.0,0.0,0.0,0.0,34.0,0.0,158.0,247.0,48.0,0.0,25.0,189.0,105.0,94.0,2.0,38.0,0.0,0.0,0.0,0.0,0.0,0.0,237.0,216.0,115.0,9.0,122.0,196.0,11.0
张掖,2024-09-01,0.0,444.0,7.0,0.0,0.0,0.0,49.0,11.0,136.0,198.0,155.0,0.0,54.0,196.0,139.0,84.0,16.0,11.0,0.0,0.0,0.0,0.0,0.0,0.0,193.0,307.0,94.0,22.0,99.0,244.0,41.0
武威,2022-06-01,0.0,476.0,0.0,0.0,0.0,5.0,1.0,0.0,114.0,120.0,248.0,0.0,5.0,292.0,76.0,60.0,37.0,12.0,0.0,0.0,0.0,0.0,0.0,0.0,121.0,361.0,100.0,0.0,26.0,356.0,0.0
武威,2022-07-01,0.0,293.0,0.0,0.0,0.0,14.0,12.0,0.0,43.0,131.0,145.0,0.0,14.0,137.0,91.0,53.0,12.0,12.0,0.0,0.0,0.0,0.0,0.0,0.0,125.0,194.0,113.0,0.0,26.0,180.0,0.0
武威,2022-08-01,0.0,398.0,0.0,0.0,0.0,1.0,25.0,0.0,78.0,258.0,88.0,0.0,1.0,164.0,75.0,148.0,3.0,33.0,0.0,0.0,0.0,0.0,0.0,0.0,247.0,177.0,178.0,0.0,70.0,176.0,0.0
武威,2022-09-01,0.0,425.0,0.0,0.0,0.0,27.0,23.0,0.0,108.0,217.0,150.0,0.0,27.0,162.0,107.0,128.0,22.0,29.0,0.0,0.0,0.0,0.0,0.0,0.0,206.0,269.0,175.0,0.0,58.0,242.0,0.0
武威,2022-10-01,0.0,521.0,0.0,0.0,0.0,28.0,33.0,0.0,181.0,257.0,144.0,0.0,28.0,238.0,148.0,145.0,15.0,8.0,0.0,0.0,0.0,0.0,0.0,0.0,245.0,337.0,232.0,0.0,41.0,309.0,0.0
武威,2022-11-01,0.0,279.0,0.0,0.0,0.0,40.0,27.0,0.0,92.0,174.0,80.0,0.0,40.0,109.0,66.0,110.0,17.0,4.0,0.0,0.0,0.0,0.0,0.0,0.0,167.0,179.0,166.0,0.0,41.0,139.0,0.0
武威,2022-12-01,0.0,424.0,0.0,0.0,0.0,29.0,39.0,0.0,87.0,222.0,183.0,0.0,29.0,163.0,167.0,97.0,3.0,33.0,0.0,0.0,0.0,0.0,0.0,0.0,232.0,260.0,227.0,0.0,34.0,231.0,0.0
武威,2023-01-01,0.0,421.0,0.0,0.0,0.0,2.0,27.0,0.0,95.0,142.0,213.0,0.0,2.0,268.0,106.0,54.0,11.0,9.0,0.0,0.0,0.0,0.0,0.0,0.0,135.0,315.0,110.0,0.0,27.0,313.0,0.0
武威,2023-02-01,0.0,425.0,0.0,0.0,0.0,26.0,28.0,0.0,80.0,233.0,166.0,0.0,26.0,161.0,111.0,126.0,38.0,17.0,0.0,0.0,0.0,0.0,0.0,0.0,236.0,243.0,234.0,0.0,28.0,217.0,0.0
武威,2023-03-01,0.0,415.0,0.0,0.0,0.0,38.0,32.0,0.0,80.0,237.0,168.0,0.0,38.0,220.0,75.0,132.0,10.0,10.0,0.0,0.0,0.0,0.0,0.0,0.0,221.0,264.0,235.0,0.0,24.0,226.0,0.0
武威,2023-04-01,0.0,419.0,0.0,0.0,0.0,38.0,30.0,0.0,103.0,195.0,189.0,0.0,38.0,206.0,82.0,112.0,27.0,22.0,0.0,0.0,0.0,0.0,0.0,0.0,213.0,274.0,221.0,0.0,30.0,236.0,0.0
武威,2023-05-01,0.0,529.0,0.0,0.0,0.0,30.0,24.0,0.0,244.0,265.0,74.0,0.0,30.0,290.0,86.0,130.0,7.0,40.0,0.0,0.0,0.0,0.0,0.0,0.0,236.0,347.0,220.0,0.0,46.0,317.0,0.0
武威,2023-06-01,0.0,536.0,0.0,0.0,0.0,3.0,24.0,0.0,206.0,275.0,82.0,0.0,3.0,279.0,93.0,170.0,3.0,15.0,0.0,0.0,0.0,0.0,0.0,0.0,267.0,296.0,226.0,0.0,44.0,293.0,0.0
武威,2023-07-01,0.0,443.0,0.0,0.0,0.0,11.0,4.0,0.0,201.0,146.0,111.0,0.0,11.0,254.0,104.0,64.0,6.0,19.0,0.0,0.0,0.0,0.0,0.0,0.0,151.0,307.0,140.0,0.0,22.0,296.0,0.0
武威,2023-08-01,0.0,327.0,0.0,0.0,0.0,27.0,26.0,0.0,64.0,158.0,158.0,0.0,27.0,114.0,103.0,85.0,39.0,12.0,0.0,0.0,0.0,0.0,0.0,0.0,198.0,182.0,208.0,0.0,17.0,155.0,0.0
武威,2023-09-01,0.0,399.0,0.0,0.0,0.0,38.0,13.0,0.0,78.0,186.0,186.0,0.0,38.0,179.0,125.0,75.0,6.0,27.0,0.0,0.0,0.0,0.0,0.0,0.0,190.0,260.0,179.0,0.0,49.0,222.0,0.0
武威,2023-10-01,0.0,363.0,0.0,0.0,0.0,10.0,2.0,0.0,138.0,141.0,96.0,0.0,10.0,154.0,99.0,64.0,31.0,17.0,0.0,0.0,0.0,0.0,0.0,0.0,166.0,209.0,155.0,0.0,21.0,199.0,0.0
武威,2023-11-01,0.0,473.0,0.0,0.0,0.0,22.0,28.0,0.0,149.0,241.0,133.0,0.0,22.0,276.0,112.0,67.0,8.0,38.0,0.0,0.0,0.0,0.0,0.0,0.0,188.0,335.0,163.0,0.0,47.0,313.0,0.0
武威,2023-12-01,0.0,540.0,0.0,0.0,0.0,6.0,30.0,0.0,234.0,229.0,113.0,0.0,6.0,319.0,78.0,131.0,36.0,6.0,0.0,0.0,0.0,0.0,0.0,0.0,244.0,332.0,214.0,0.0,36.0,326.0,0.0
武威,2024-01-01,0.0,336.0,0.0,0.0,0.0,5.0,7.0,0.0,87.0,146.0,115.0,0.0,5.0,167.0,76.0,77.0,17.0,6.0,0.0,0.0,0.0,0.0,0.0,0.0,125.0,223.0,97.0,0.0,33.0,218.0,0.0
武威,2024-02-01,0.0,432.0,0.0,0.0,0.0,12.0,39.0,0.0,101.0,229.0,153.0,0.0,12.0,231.0,103.0,114.0,3.0,20.0,0.0,0.0,0.0,0.0,0.0,0.0,207.0,276.0,189.0,0.0,30.0,264.0,0.0
武威,2024-03-01,0.0,460.0,0.0,0.0,0.0,27.0,22.0,0.0,55.0,225.0,229.0,0.0,27.0,221.0,94.0,135.0,28.0,4.0,0.0,0.0,0.0,0.0,0.0,0.0,220.0,289.0,233.0,0.0,14.0,262.0,0.0
武威,2024-04-01,0.0,448.0,0.0,0.0,0.0,33.0,11.0,0.0,78.0,217.0,197.0,0.0,33.0,206.0,87.0,134.0,28.0,4.0,0.0,0.0,0.0,0.0,0.0,0.0,210.0,282.0,228.0,0.0,15.0,249.0,0.0
武威,2024-05-01,0.0,473.0,0.0,0.0,0.0,10.0,38.0,0.0,75.0,262.0,184.0,0.0,10.0,171.0,131.0,154.0,18.0,37.0,0.0,0.0,0.0,0.0,0.0,0.0,299.0,222.0,268.0,0.0,41.0,212.0,0.0
武威,2024-06-01,0.0,254.0,0.0,0.0,0.0,30.0,14.0,0.0,111.0,137.0,50.0,0.0,30.0,104.0,86.0,67.0,4.0,7.0,0.0,0.0,0.0,0.0,0.0,0.0,114.0,184.0,131.0,0.0,13.0,154.0,0.0
武威,2024-07-01,0.0,347.0,0.0,0.0,0.0,24.0,6.0,0.0,42.0,179.0,156.0,0.0,24.0,171.0,103.0,53.0,12.0,14.0,0.0,0.0,0.0,0.0,0.0,0.0,141.0,236.0,146.0,0.0,19.0,212.0,0.0
武威,2024-08-01,0.0,409.0,0.0,0.0,0.0,26.0,20.0,0.0,71.0,284.0,100.0,0.0,26.0,135.0,95.0,174.0,21.0,4.0,0.0,0.0,0.0,0.0,0.0,0.0,276.0,179.0,263.0,0.0,39.0,153.0,0.0
武威,2024-09-01,0.0,444.0,0.0,0.0,0.0,3.0,21.0,0.0,147.0,239.0,82.0,0.0,3.0,226.0,62.0,136.0,5.0,36.0,0.0,0.0,0.0,0.0,0.0,0.0,227.0,241.0,173.0,0.0,57.0,238.0,0.0
白银,2022-06-01,0.0,234.0,0.0,0.0,0.0,141.0,6.0,0.0,261.0,40.0,80.0,0.0,156.0,191.0,0.0,34.0,0.0,0.0,0.0,0.0,0.0,0.0,0.0,0.0,101.0,280.0,242.0,0.0,0.0,139.0,0.0
白银,2022-07-01,0.0,127.0,0.0,0.0,0.0,32.0,17.0,0.0,39.0,35.0,102.0,0.0,47.0,111.0,0.0,18.0,0.0,0.0,0.0,0.0,0.0,0.0,0.0,0.0,62.0,114.0,94.0,0.0,0.0,82.0,0.0
白银,2022-08-01,0.0,143.0,0.0,0.0,0.0,75.0,8.0,0.0,75.0,26.0,125.0,0.0,85.0,123.0,0.0,18.0,0.0,0.0,0.0,0.0,0.0,0.0,0.0,0.0,91.0,135.0,166.0,0.0,0.0,60.0,0.0
白银,2022-09-01,0.0,156.0,0.0,0.0,0.0,118.0,6.0,0.0,156.0,11.0,113.0,0.0,139.0,136.0,0.0,5.0,0.0,0.0,0.0,0.0,0.0,0.0,0.0,0.0,49.0,231.0,167.0,0.0,0.0,113.0,0.0
白银,2022-10-01,0.0,195.0,0.0,0.0,0.0,134.0,12.0,0.0,106.0,26.0,209.0,0.0,155.0,172.0,0.0,14.0,0.0,0.0,0.0,0.0,0.0,0.0,0.0,0.0,80.0,261.0,214.0,0.0,0.0,127.0,0.0
白银,2022-11-01,0.0,175.0,0.0,0.0,0.0,104.0,39.0,0.0,82.0,50.0,186.0,0.0,130.0,177.0,0.0,11.0,0.0,0.0,0.0,0.0,0.0,0.0,0.0,0.0,110.0,208.0,214.0,0.0,0.0,104.0,0.0
白银,2022-12-01,0.0,198.0,0.0,0.0,0.0,119.0,4.0,0.0,92.0,18.0,211.0,0.0,154.0,153.0,0.0,14.0,0.0,0.0,0.0,0.0,0.0,0.0,0.0,0.0,83.0,238.0,202.0,0.0,0.0,119.0,0.0
白银,2023-01-01,0.0,140.0,0.0,0.0,0.0,71.0,1.0,0.0,104.0,5.0,103.0,0.0,87.0,121.0,0.0,4.0,0.0,0.0,0.0,0.0,0.0,0.0,0.0,0.0,37.0,175.0,108.0,0.0,0.0,104.0,0.0
白银,2023-02-01,0.0,152.0,0.0,0.0,0.0,150.0,35.0,0.0,64.0,56.0,217.0,0.0,173.0,143.0,0.0,21.0,0.0,0.0,0.0,0.0,0.0,0.0,0.0,0.0,98.0,239.0,248.0,0.0,0.0,89.0,0.0
白银,2023-03-01,0.0,163.0,0.0,0.0,0.0,57.0,4.0,0.0,98.0,21.0,105.0,0.0,86.0,121.0,0.0,17.0,0.0,0.0,0.0,0.0,0.0,0.0,0.0,0.0,67.0,157.0,124.0,0.0,0.0,100.0,0.0
白银,2023-04-01,0.0,137.0,0.0,0.0,0.0,78.0,40.0,0.0,82.0,72.0,101.0,0.0,97.0,126.0,0.0,32.0,0.0,0.0,0.0,0.0,0.0,0.0,0.0,0.0,75.0,180.0,153.0,0.0,0.0,102.0,0.0
白银,2023-05-01,0.0,172.0,0.0,0.0,0.0,141.0,22.0,0.0,83.0,41.0,211.0,0.0,142.0,174.0,0.0,19.0,0.0,0.0,0.0,0.0,0.0,0.0,0.0,0.0,105.0,230.0,246.0,0.0,0.0,89.0,0.0
白银,2023-06-01,0.0,104.0,0.0,0.0,0.0,45.0,31.0,0.0,80.0,42.0,58.0,0.0,63.0,106.0,0.0,11.0,0.0,0.0,0.0,0.0,0.0,0.0,0.0,0.0,62.0,118.0,107.0,0.0,0.0,73.0,0.0
白银,2023-07-01,0.0,187.0,0.0,0.0,0.0,55.0,18.0,0.0,132.0,33.0,95.0,0.0,76.0,169.0,0.0,15.0,0.0,0.0,0.0,0.0,0.0,0.0,0.0,0.0,96.0,164.0,151.0,0.0,0.0,109.0,0.0
白银,2023-08-01,0.0,211.0,0.0,0.0,0.0,63.0,3.0,0.0,106.0,33.0,138.0,0.0,86.0,161.0,0.0,30.0,0.0,0.0,0.0,0.0,0.0,0.0,0.0,0.0,98.0,179.0,161.0,0.0,0.0,116.0,0.0
白银,2023-09-01,0.0,197.0,0.0,0.0,0.0,43.0,9.0,0.0,98.0,15.0,136.0,0.0,78.0,165.0,0.0,6.0,0.0,0.0,0.0,0.0,0.0,0.0,0.0,0.0,66.0,183.0,109.0,0.0,0.0,140.0,0.0
白银,2023-10-01,0.0,209.0,0.0,0.0,0.0,54.0,37.0,0.0,141.0,52.0,107.0,0.0,94.0,191.0,0.0,15.0,0.0,0.0,0.0,0.0,0.0,0.0,0.0,0.0,98.0,202.0,152.0,0.0,0.0,148.0,0.0
白银,2023-11-01,0.0,175.0,0.0,0.0,0.0,50.0,40.0,0.0,100.0,58.0,107.0,0.0,81.0,166.0,0.0,18.0,0.0,0.0,0.0,0.0,0.0,0.0,0.0,0.0,93.0,172.0,143.0,0.0,0.0,122.0,0.0
白银,2023-12-01,0.0,235.0,0.0,0.0,0.0,124.0,12.0,0.0,128.0,47.0,196.0,0.0,153.0,183.0,0.0,35.0,0.0,0.0,0.0,0.0,0.0,0.0,0.0,0.0,118.0,253.0,242.0,0.0,0.0,129.0,0.0
白银,2024-01-01,0.0,206.0,0.0,0.0,0.0,117.0,16.0,0.0,187.0,53.0,99.0,0.0,150.0,152.0,0.0,37.0,0.0,0.0,0.0,0.0,0.0,0.0,0.0,0.0,105.0,234.0,222.0,0.0,0.0,117.0,0.0
白银,2024-02-01,0.0,137.0,0.0,0.0,0.0,96.0,13.0,0.0,62.0,35.0,149.0,0.0,102.0,122.0,0.0,22.0,0.0,0.0,0.0,0.0,0.0,0.0,0.0,0.0,90.0,156.0,186.0,0.0,0.0,60.0,0.0
白银,2024-03-01,0.0,120.0,0.0,0.0,0.0,97.0,10.0,0.0,49.0,45.0,133.0,0.0,100.0,92.0,0.0,35.0,0.0,0.0,0.0,0.0,0.0,0.0,0.0,0.0,69.0,158.0,166.0,0.0,0.0,61.0,0.0
白银,2024-04-01,0.0,205.0,0.0,0.0,0.0,114.0,34.0,0.0,231.0,54.0,68.0,0.0,153.0,180.0,0.0,20.0,0.0,0.0,0.0,0.0,0.0,0.0,0.0,0.0,94.0,259.0,208.0,0.0,0.0,145.0,0.0
白银,2024-05-01,0.0,186.0,0.0,0.0,0.0,64.0,39.0,0.0,45.0,40.0,204.0,0.0,85.0,203.0,0.0,1.0,0.0,0.0,0.0,0.0,0.0,0.0,0.0,0.0,96.0,193.0,160.0,0.0,0.0,129.0,0.0
白银,2024-06-01,0.0,177.0,0.0,0.0,0.0,92.0,5.0,0.0,207.0,27.0,40.0,0.0,128.0,124.0,0.0,22.0,0.0,0.0,0.0,0.0,0.0,0.0,0.0,0.0,88.0,186.0,180.0,0.0,0.0,94.0,0.0
白银,2024-07-01,0.0,224.0,0.0,0.0,0.0,142.0,17.0,0.0,131.0,21.0,231.0,0.0,164.0,215.0,0.0,4.0,0.0,0.0,0.0,0.0,0.0,0.0,0.0,0.0,82.0,301.0,224.0,0.0,0.0,159.0,0.0
白银,2024-08-01,0.0,153.0,0.0,0.0,0.0,69.0,5.0,0.0,109.0,30.0,88.0,0.0,80.0,122.0,0.0,25.0,0.0,0.0,0.0,0.0,0.0,0.0,0.0,0.0,48.0,179.0,117.0,0.0,0.0,110.0,0.0
白银,2024-09-01,0.0,186.0,0.0,0.0,0.0,92.0,28.0,0.0,76.0,51.0,179.0,0.0,104.0,179.0,0.0,23.0,0.0,0.0,0.0,0.0,0.0,0.0,0.0,0.0,100.0,206.0,192.0,0.0,0.0,114.0,0.0
酒泉,2022-06-01,0.0,499.0,0.0,0.0,0.0,14.0,14.0,0.0,231.0,146.0,150.0,0.0,16.0,254.0,78.0,114.0,32.0,33.0,0.0,0.0,0.0,0.0,0.0,0.0,177.0,350.0,107.0,52.0,84.0,284.0,0.0
酒泉,2022-07-01,0.0,378.0,0.0,0.0,0.0,14.0,15.0,0.0,156.0,88.0,163.0,0.0,26.0,184.0,79.0,75.0,30.0,13.0,0.0,0.0,0.0,0.0,0.0,0.0,130.0,277.0,101.0,27.0,43.0,236.0,0.0
酒泉,2022-08-01,0.0,553.0,0.0,0.0,0.0,19.0,29.0,0.0,143.0,104.0,354.0,0.0,40.0,301.0,138.0,79.0,26.0,17.0,0.0,0.0,0.0,0.0,0.0,0.0,145.0,456.0,109.0,48.0,55.0,389.0,0.0
酒泉,2022-09-01,0.0,406.0,0.0,0.0,0.0,38.0,7.0,0.0,218.0,80.0,153.0,0.0,49.0,185.0,70.0,95.0,36.0,16.0,0.0,0.0,0.0,0.0,0.0,0.0,150.0,301.0,136.0,45.0,52.0,218.0,0.0
酒泉,2022-10-01,0.0,415.0,0.0,0.0,0.0,27.0,37.0,0.0,174.0,97.0,208.0,0.0,29.0,195.0,113.0,74.0,35.0,33.0,0.0,0.0,0.0,0.0,0.0,0.0,184.0,295.0,153.0,28.0,58.0,240.0,0.0
酒泉,2022-11-01,0.0,466.0,0.0,0.0,0.0,20.0,7.0,0.0,152.0,64.0,277.0,0.0,30.0,271.0,61.0,72.0,27.0,32.0,0.0,0.0,0.0,0.0,0.0,0.0,109.0,384.0,84.0,52.0,45.0,312.0,0.0
酒泉,2022-12-01,0.0,445.0,0.0,0.0,0.0,33.0,23.0,0.0,148.0,128.0,225.0,0.0,47.0,179.0,80.0,119.0,38.0,38.0,0.0,0.0,0.0,0.0,0.0,0.0,204.0,297.0,159.0,50.0,78.0,214.0,0.0
酒泉,2023-01-01,0.0,436.0,0.0,0.0,0.0,13.0,38.0,0.0,138.0,110.0,239.0,0.0,14.0,242.0,77.0,107.0,25.0,22.0,0.0,0.0,0.0,0.0,0.0,0.0,186.0,301.0,152.0,31.0,47.0,257.0,0.0
酒泉,2023-02-01,0.0,552.0,0.0,0.0,0.0,20.0,37.0,0.0,123.0,140.0,346.0,0.0,45.0,262.0,128.0,149.0,22.0,3.0,0.0,0.0,0.0,0.0,0.0,0.0,215.0,394.0,168.0,54.0,67.0,320.0,0.0
酒泉,2023-03-01,0.0,553.0,0.0,0.0,0.0,1.0,23.0,0.0,173.0,152.0,252.0,0.0,36.0,322.0,84.0,101.0,7.0,27.0,0.0,0.0,0.0,0.0,0.0,0.0,181.0,396.0,126.0,18.0,56.0,377.0,0.0
酒泉,2023-04-01,0.0,583.0,0.0,0.0,0.0,33.0,30.0,0.0,229.0,156.0,261.0,0.0,47.0,283.0,176.0,115.0,12.0,13.0,0.0,0.0,0.0,0.0,0.0,0.0,198.0,448.0,160.0,50.0,71.0,365.0,0.0
酒泉,2023-05-01,0.0,546.0,0.0,0.0,0.0,5.0,37.0,0.0,184.0,159.0,245.0,0.0,31.0,274.0,138.0,75.0,30.0,40.0,0.0,0.0,0.0,0.0,0.0,0.0,203.0,385.0,125.0,14.0,83.0,366.0,0.0
酒泉,2023-06-01,0.0,474.0,0.0,0.0,0.0,25.0,10.0,0.0,222.0,165.0,122.0,0.0,63.0,168.0,117.0,99.0,33.0,29.0,0.0,0.0,0.0,0.0,0.0,0.0,208.0,301.0,132.0,29.0,101.0,247.0,0.0
酒泉,2023-07-01,0.0,549.0,0.0,0.0,0.0,5.0,9.0,0.0,240.0,144.0,179.0,0.0,37.0,270.0,121.0,87.0,9.0,39.0,0.0,0.0,0.0,0.0,0.0,0.0,165.0,398.0,90.0,25.0,80.0,368.0,0.0
酒泉,2023-08-01,0.0,510.0,0.0,0.0,0.0,22.0,35.0,0.0,215.0,100.0,252.0,0.0,52.0,243.0,126.0,85.0,32.0,29.0,0.0,0.0,0.0,0.0,0.0,0.0,189.0,378.0,141.0,61.0,70.0,295.0,0.0
酒泉,2023-09-01,0.0,515.0,0.0,0.0,0.0,14.0,16.0,0.0,183.0,90.0,272.0,0.0,32.0,277.0,106.0,61.0,33.0,36.0,0.0,0.0,0.0,0.0,0.0,0.0,166.0,379.0,118.0,32.0,62.0,333.0,0.0
酒泉,2023-10-01,0.0,571.0,0.0,0.0,0.0,29.0,33.0,0.0,141.0,103.0,389.0,0.0,64.0,320.0,93.0,116.0,30.0,10.0,0.0,0.0,0.0,0.0,0.0,0.0,156.0,477.0,134.0,46.0,51.0,402.0,0.0
酒泉,2023-11-01,0.0,365.0,0.0,0.0,0.0,2.0,11.0,14.0,149.0,123.0,92.0,0.0,8.0,122.0,127.0,82.0,26.0,13.0,0.0,0.0,0.0,0.0,0.0,0.0,139.0,239.0,70.0,33.0,71.0,190.0,14.0
酒泉,2023-12-01,0.0,482.0,0.0,0.0,0.0,29.0,38.0,11.0,275.0,152.0,111.0,0.0,68.0,242.0,109.0,76.0,14.0,40.0,0.0,0.0,0.0,0.0,0.0,0.0,183.0,366.0,104.0,18.0,108.0,308.0,11.0
酒泉,2024-01-01,0.0,466.0,0.0,0.0,0.0,21.0,13.0,0.0,165.0,99.0,236.0,0.0,50.0,180.0,90.0,143.0,29.0,8.0,0.0,0.0,0.0,0.0,0.0,0.0,178.0,322.0,144.0,78.0,55.0,223.0,0.0
酒泉,2024-02-01,0.0,430.0,0.0,0.0,0.0,13.0,2.0,0.0,75.0,77.0,293.0,0.0,17.0,209.0,89.0,95.0,32.0,3.0,0.0,0.0,0.0,0.0,0.0,0.0,126.0,319.0,120.0,54.0,19.0,252.0,0.0
酒泉,2024-03-01,0.0,582.0,0.0,0.0,0.0,29.0,4.0,0.0,177.0,115.0,323.0,0.0,48.0,317.0,77.0,125.0,33.0,15.0,0.0,0.0,0.0,0.0,0.0,0.0,183.0,432.0,150.0,46.0,62.0,357.0,0.0
酒泉,2024-04-01,0.0,417.0,11.0,0.0,0.0,7.0,6.0,11.0,59.0,73.0,298.0,0.0,23.0,228.0,108.0,65.0,12.0,5.0,0.0,0.0,0.0,0.0,0.0,0.0,92.0,349.0,90.0,35.0,9.0,296.0,11.0
酒泉,2024-05-01,0.0,485.0,0.0,0.0,0.0,33.0,26.0,21.0,168.0,88.0,267.0,0.0,51.0,274.0,132.0,46.0,12.0,29.0,0.0,0.0,0.0,0.0,0.0,0.0,165.0,379.0,140.0,18.0,58.0,307.0,21.0
酒泉,2024-06-01,0.0,493.0,0.0,0.0,0.0,3.0,4.0,12.0,221.0,89.0,178.0,0.0,18.0,269.0,79.0,101.0,18.0,15.0,0.0,0.0,0.0,0.0,0.0,0.0,126.0,374.0,80.0,43.0,49.0,316.0,12.0
酒泉,2024-07-01,0.0,388.0,0.0,0.0,0.0,27.0,13.0,0.0,194.0,76.0,158.0,0.0,29.0,138.0,123.0,98.0,24.0,16.0,0.0,0.0,0.0,0.0,0.0,0.0,144.0,284.0,144.0,67.0,27.0,190.0,0.0
酒泉,2024-08-01,0.0,572.0,0.0,0.0,0.0,25.0,40.0,11.0,264.0,106.0,256.0,0.0,40.0,285.0,168.0,87.0,40.0,17.0,0.0,0.0,0.0,0.0,0.0,0.0,176.0,461.0,141.0,63.0,60.0,362.0,11.0
酒泉,2024-09-01,0.0,507.0,0.0,0.0,0.0,10.0,23.0,16.0,291.0,89.0,144.0,0.0,49.0,248.0,117.0,98.0,18.0,10.0,0.0,0.0,0.0,0.0,0.0,0.0,138.0,402.0,110.0,51.0,38.0,325.0,16.0
金昌,2022-06-01,0.0,94.0,26.0,0.0,0.0,28.0,89.0,0.0,3.0,18.0,216.0,0.0,28.0,130.0,53.0,26.0,0.0,0.0,0.0,0.0,0.0,0.0,0.0,0.0,150.0,87.0,178.0,0.0,0.0,59.0,0.0
金昌,2022-07-01,0.0,80.0,22.0,0.0,0.0,12.0,33.0,0.0,48.0,13.0,86.0,0.0,12.0,70.0,43.0,22.0,0.0,0.0,0.0,0.0,0.0,0.0,0.0,0.0,85.0,62.0,97.0,0.0,0.0,50.0,0.0
金昌,2022-08-01,0.0,91.0,40.0,0.0,0.0,5.0,33.0,0.0,0.0,11.0,158.0,0.0,5.0,80.0,44.0,40.0,0.0,0.0,0.0,0.0,0.0,0.0,0.0,0.0,106.0,63.0,111.0,0.0,0.0,58.0,0.0
金昌,2022-09-01,0.0,86.0,21.0,0.0,0.0,15.0,73.0,0.0,47.0,16.0,132.0,0.0,15.0,112.0,47.0,21.0,0.0,0.0,0.0,0.0,0.0,0.0,0.0,0.0,125.0,70.0,140.0,0.0,0.0,55.0,0.0
金昌,2022-10-01,0.0,92.0,15.0,0.0,0.0,36.0,80.0,0.0,125.0,4.0,94.0,0.0,36.0,150.0,22.0,15.0,0.0,0.0,0.0,0.0,0.0,0.0,0.0,0.0,113.0,110.0,149.0,0.0,0.0,74.0,0.0
金昌,2022-11-01,0.0,129.0,8.0,0.0,0.0,29.0,80.0,0.0,129.0,36.0,81.0,0.0,29.0,145.0,64.0,8.0,0.0,0.0,0.0,0.0,0.0,0.0,0.0,0.0,116.0,130.0,145.0,0.0,0.0,101.0,0.0
金昌,2022-12-01,0.0,81.0,12.0,0.0,0.0,26.0,143.0,0.0,174.0,10.0,78.0,0.0,26.0,204.0,20.0,12.0,0.0,0.0,0.0,0.0,0.0,0.0,0.0,0.0,165.0,97.0,191.0,0.0,0.0,71.0,0.0
金昌,2023-01-01,0.0,144.0,20.0,0.0,0.0,25.0,53.0,0.0,149.0,29.0,64.0,0.0,25.0,131.0,66.0,20.0,0.0,0.0,0.0,0.0,0.0,0.0,0.0,0.0,110.0,132.0,135.0,0.0,0.0,107.0,0.0
金昌,2023-02-01,0.0,86.0,33.0,0.0,0.0,2.0,32.0,0.0,67.0,26.0,60.0,0.0,2.0,64.0,54.0,33.0,0.0,0.0,0.0,0.0,0.0,0.0,0.0,0.0,93.0,60.0,95.0,0.0,0.0,58.0,0.0
金昌,2023-03-01,0.0,65.0,9.0,0.0,0.0,25.0,55.0,0.0,97.0,21.0,36.0,0.0,25.0,88.0,32.0,9.0,0.0,0.0,0.0,0.0,0.0,0.0,0.0,0.0,75.0,79.0,100.0,0.0,0.0,54.0,0.0
金昌,2023-04-01,0.0,111.0,1.0,0.0,0.0,14.0,106.0,0.0,70.0,15.0,147.0,0.0,14.0,172.0,45.0,1.0,0.0,0.0,0.0,0.0,0.0,0.0,0.0,0.0,137.0,95.0,151.0,0.0,0.0,81.0,0.0
金昌,2023-05-01,0.0,82.0,36.0,0.0,0.0,18.0,72.0,0.0,76.0,2.0,130.0,0.0,18.0,116.0,38.0,36.0,0.0,0.0,0.0,0.0,0.0,0.0,0.0,0.0,144.0,64.0,162.0,0.0,0.0,46.0,0.0
金昌,2023-06-01,0.0,102.0,1.0,0.0,0.0,1.0,127.0,0.0,17.0,9.0,205.0,0.0,1.0,210.0,19.0,1.0,0.0,0.0,0.0,0.0,0.0,0.0,0.0,0.0,138.0,93.0,139.0,0.0,0.0,92.0,0.0
金昌,2023-07-01,0.0,155.0,22.0,0.0,0.0,37.0,32.0,0.0,95.0,30.0,121.0,0.0,37.0,127.0,60.0,22.0,0.0,0.0,0.0,0.0,0.0,0.0,0.0,0.0,84.0,162.0,121.0,0.0,0.0,125.0,0.0
金昌,2023-08-01,0.0,112.0,11.0,0.0,0.0,38.0,89.0,0.0,122.0,7.0,121.0,0.0,38.0,163.0,38.0,11.0,0.0,0.0,0.0,0.0,0.0,0.0,0.0,0.0,131.0,119.0,169.0,0.0,0.0,81.0,0.0
金昌,2023-09-01,0.0,65.0,30.0,0.0,0.0,40.0,37.0,0.0,51.0,32.0,89.0,0.0,40.0,56.0,46.0,30.0,0.0,0.0,0.0,0.0,0.0,0.0,0.0,0.0,81.0,91.0,121.0,0.0,0.0,51.0,0.0
金昌,2023-10-01,0.0,91.0,14.0,0.0,0.0,33.0,43.0,0.0,130.0,8.0,43.0,0.0,33.0,97.0,37.0,14.0,0.0,0.0,0.0,0.0,0.0,0.0,0.0,0.0,86.0,95.0,119.0,0.0,0.0,62.0,0.0
金昌,2023-11-01,0.0,144.0,6.0,0.0,0.0,12.0,143.0,0.0,253.0,39.0,13.0,0.0,12.0,235.0,52.0,6.0,0.0,0.0,0.0,0.0,0.0,0.0,0.0,0.0,162.0,143.0,174.0,0.0,0.0,131.0,0.0
金昌,2023-12-01,0.0,94.0,36.0,0.0,0.0,8.0,105.0,0.0,194.0,13.0,36.0,0.0,8.0,172.0,27.0,36.0,0.0,0.0,0.0,0.0,0.0,0.0,0.0,0.0,155.0,88.0,163.0,0.0,0.0,80.0,0.0
金昌,2024-01-01,0.0,177.0,35.0,0.0,0.0,14.0,118.0,0.0,195.0,31.0,118.0,0.0,14.0,226.0,69.0,35.0,0.0,0.0,0.0,0.0,0.0,0.0,0.0,0.0,191.0,153.0,205.0,0.0,0.0,139.0,0.0
金昌,2024-02-01,0.0,60.0,26.0,0.0,0.0,31.0,39.0,0.0,47.0,23.0,86.0,0.0,31.0,65.0,34.0,26.0,0.0,0.0,0.0,0.0,0.0,0.0,0.0,0.0,76.0,80.0,107.0,0.0,0.0,49.0,0.0
金昌,2024-03-01,0.0,100.0,11.0,0.0,0.0,26.0,87.0,0.0,75.0,25.0,124.0,0.0,26.0,152.0,35.0,11.0,0.0,0.0,0.0,0.0,0.0,0.0,0.0,0.0,108.0,116.0,134.0,0.0,0.0,90.0,0.0
金昌,2024-04-01,0.0,143.0,34.0,0.0,0.0,3.0,142.0,0.0,182.0,39.0,101.0,0.0,3.0,207.0,78.0,34.0,0.0,0.0,0.0,0.0,0.0,0.0,0.0,0.0,215.0,107.0,218.0,0.0,0.0,104.0,0.0
金昌,2024-05-01,0.0,76.0,34.0,0.0,0.0,19.0,80.0,0.0,41.0,13.0,155.0,0.0,19.0,136.0,20.0,34.0,0.0,0.0,0.0,0.0,0.0,0.0,0.0,0.0,121.0,88.0,140.0,0.0,0.0,69.0,0.0
金昌,2024-06-01,0.0,73.0,8.0,0.0,0.0,4.0,110.0,0.0,43.0,31.0,121.0,0.0,4.0,132.0,51.0,8.0,0.0,0.0,0.0,0.0,0.0,0.0,0.0,0.0,138.0,57.0,142.0,0.0,0.0,53.0,0.0
金昌,2024-07-01,0.0,126.0,26.0,0.0,0.0,12.0,129.0,0.0,129.0,30.0,134.0,0.0,12.0,190.0,65.0,26.0,0.0,0.0,0.0,0.0,0.0,0.0,0.0,0.0,190.0,103.0,202.0,0.0,0.0,91.0,0.0
金昌,2024-08-01,0.0,76.0,23.0,0.0,0.0,25.0,34.0,0.0,69.0,19.0,70.0,0.0,25.0,86.0,24.0,23.0,0.0,0.0,0.0,0.0,0.0,0.0,0.0,0.0,62.0,96.0,87.0,0.0,0.0,71.0,0.0
金昌,2024-09-01,0.0,115.0,36.0,0.0,0.0,4.0,50.0,13.0,126.0,2.0,64.0,0.0,4.0,122.0,43.0,36.0,0.0,0.0,0.0,0.0,0.0,0.0,0.0,0.0,114.0,91.0,118.0,0.0,0.0,74.0,13.0
陇南,2022-06-01,0.0,218.0,0.0,0.0,0.0,0.0,20.0,0.0,156.0,18.0,64.0,0.0,8.0,195.0,35.0,0.0,0.0,0.0,0.0,0.0,0.0,0.0,0.0,0.0,53.0,185.0,53.0,0.0,0.0,185.0,0.0
陇南,2022-07-01,0.0,167.0,0.0,0.0,0.0,0.0,22.0,0.0,103.0,11.0,75.0,0.0,26.0,144.0,19.0,0.0,0.0,0.0,0.0,0.0,0.0,0.0,0.0,0.0,30.0,159.0,30.0,0.0,0.0,159.0,0.0
陇南,2022-08-01,0.0,204.0,0.0,0.0,0.0,0.0,51.0,0.0,59.0,22.0,174.0,0.0,34.0,197.0,24.0,0.0,0.0,0.0,0.0,0.0,0.0,0.0,0.0,0.0,46.0,209.0,46.0,0.0,0.0,209.0,0.0
陇南,2022-09-01,0.0,247.0,0.0,0.0,0.0,0.0,33.0,0.0,100.0,4.0,176.0,0.0,35.0,224.0,21.0,0.0,0.0,0.0,0.0,0.0,0.0,0.0,0.0,0.0,25.0,255.0,25.0,0.0,0.0,255.0,0.0
陇南,2022-10-01,0.0,127.0,0.0,0.0,0.0,0.0,21.0,0.0,50.0,18.0,80.0,0.0,9.0,136.0,3.0,0.0,0.0,0.0,0.0,0.0,0.0,0.0,0.0,0.0,21.0,127.0,21.0,0.0,0.0,127.0,0.0
陇南,2022-11-01,0.0,203.0,0.0,0.0,0.0,0.0,65.0,0.0,135.0,28.0,105.0,0.0,18.0,214.0,36.0,0.0,0.0,0.0,0.0,0.0,0.0,0.0,0.0,0.0,64.0,204.0,64.0,0.0,0.0,204.0,0.0
陇南,2022-12-01,0.0,224.0,0.0,0.0,0.0,0.0,42.0,0.0,180.0,29.0,57.0,0.0,36.0,207.0,23.0,0.0,0.0,0.0,0.0,0.0,0.0,0.0,0.0,0.0,52.0,214.0,52.0,0.0,0.0,214.0,0.0
陇南,2023-01-01,0.0,188.0,0.0,0.0,0.0,0.0,11.0,0.0,122.0,10.0,67.0,0.0,29.0,147.0,23.0,0.0,0.0,0.0,0.0,0.0,0.0,0.0,0.0,0.0,33.0,166.0,33.0,0.0,0.0,166.0,0.0
陇南,2023-02-01,0.0,166.0,0.0,0.0,0.0,0.0,53.0,0.0,135.0,38.0,46.0,0.0,33.0,166.0,20.0,0.0,0.0,0.0,0.0,0.0,0.0,0.0,0.0,0.0,58.0,161.0,58.0,0.0,0.0,161.0,0.0
陇南,2023-03-01,0.0,190.0,0.0,0.0,0.0,0.0,14.0,0.0,83.0,1.0,120.0,0.0,40.0,160.0,4.0,0.0,0.0,0.0,0.0,0.0,0.0,0.0,0.0,0.0,5.0,199.0,5.0,0.0,0.0,199.0,0.0
陇南,2023-04-01,0.0,206.0,0.0,0.0,0.0,0.0,33.0,0.0,103.0,13.0,123.0,0.0,5.0,221.0,13.0,0.0,0.0,0.0,0.0,0.0,0.0,0.0,0.0,0.0,26.0,213.0,26.0,0.0,0.0,213.0,0.0
陇南,2023-05-01,0.0,160.0,0.0,0.0,0.0,0.0,14.0,0.0,159.0,2.0,13.0,0.0,16.0,125.0,33.0,0.0,0.0,0.0,0.0,0.0,0.0,0.0,0.0,0.0,35.0,139.0,35.0,0.0,0.0,139.0,0.0
陇南,2023-06-01,0.0,137.0,0.0,0.0,0.0,0.0,23.0,0.0,90.0,18.0,52.0,0.0,14.0,142.0,4.0,0.0,0.0,0.0,0.0,0.0,0.0,0.0,0.0,0.0,22.0,138.0,22.0,0.0,0.0,138.0,0.0
陇南,2023-07-01,0.0,165.0,0.0,0.0,0.0,0.0,50.0,0.0,121.0,39.0,55.0,0.0,10.0,202.0,3.0,0.0,0.0,0.0,0.0,0.0,0.0,0.0,0.0,0.0,42.0,173.0,42.0,0.0,0.0,173.0,0.0
陇南,2023-08-01,0.0,188.0,0.0,0.0,0.0,0.0,36.0,0.0,112.0,24.0,88.0,0.0,17.0,167.0,40.0,0.0,0.0,0.0,0.0,0.0,0.0,0.0,0.0,0.0,64.0,160.0,64.0,0.0,0.0,160.0,0.0
陇南,2023-09-01,0.0,198.0,0.0,0.0,0.0,0.0,38.0,0.0,146.0,31.0,59.0,0.0,18.0,178.0,40.0,0.0,0.0,0.0,0.0,0.0,0.0,0.0,0.0,0.0,71.0,165.0,71.0,0.0,0.0,165.0,0.0
陇南,2023-10-01,0.0,97.0,0.0,0.0,0.0,0.0,54.0,0.0,88.0,33.0,30.0,0.0,1.0,135.0,15.0,0.0,0.0,0.0,0.0,0.0,0.0,0.0,0.0,0.0,48.0,103.0,48.0,0.0,0.0,103.0,0.0
陇南,2023-11-01,0.0,75.0,0.0,0.0,0.0,0.0,51.0,0.0,45.0,36.0,45.0,0.0,4.0,99.0,23.0,0.0,0.0,0.0,0.0,0.0,0.0,0.0,0.0,0.0,59.0,67.0,59.0,0.0,0.0,67.0,0.0
陇南,2023-12-01,0.0,216.0,0.0,0.0,0.0,0.0,50.0,0.0,198.0,30.0,38.0,0.0,10.0,234.0,22.0,0.0,0.0,0.0,0.0,0.0,0.0,0.0,0.0,0.0,52.0,214.0,52.0,0.0,0.0,214.0,0.0
陇南,2024-01-01,0.0,184.0,0.0,0.0,0.0,0.0,9.0,0.0,71.0,6.0,116.0,0.0,12.0,176.0,5.0,0.0,0.0,0.0,0.0,0.0,0.0,0.0,0.0,0.0,11.0,182.0,11.0,0.0,0.0,182.0,0.0
陇南,2024-02-01,0.0,201.0,0.0,0.0,0.0,0.0,59.0,0.0,84.0,36.0,140.0,0.0,17.0,214.0,29.0,0.0,0.0,0.0,0.0,0.0,0.0,0.0,0.0,0.0,65.0,195.0,65.0,0.0,0.0,195.0,0.0
陇南,2024-03-01,0.0,152.0,0.0,0.0,0.0,0.0,61.0,0.0,73.0,39.0,101.0,0.0,15.0,162.0,36.0,0.0,0.0,0.0,0.0,0.0,0.0,0.0,0.0,0.0,75.0,138.0,75.0,0.0,0.0,138.0,0.0
陇南,2024-04-01,0.0,213.0,0.0,0.0,0.0,0.0,77.0,0.0,98.0,39.0,153.0,0.0,29.0,260.0,1.0,0.0,0.0,0.0,0.0,0.0,0.0,0.0,0.0,0.0,40.0,250.0,40.0,0.0,0.0,250.0,0.0
陇南,2024-05-01,0.0,239.0,0.0,0.0,0.0,0.0,49.0,0.0,156.0,26.0,106.0,0.0,17.0,244.0,27.0,0.0,0.0,0.0,0.0,0.0,0.0,0.0,0.0,0.0,53.0,235.0,53.0,0.0,0.0,235.0,0.0
陇南,2024-06-01,0.0,133.0,0.0,0.0,0.0,0.0,44.0,0.0,76.0,22.0,79.0,0.0,29.0,137.0,11.0,0.0,0.0,0.0,0.0,0.0,0.0,0.0,0.0,0.0,33.0,144.0,33.0,0.0,0.0,144.0,0.0
陇南,2024-07-01,0.0,237.0,0.0,0.0,0.0,0.0,36.0,0.0,69.0,27.0,177.0,0.0,13.0,243.0,17.0,0.0,0.0,0.0,0.0,0.0,0.0,0.0,0.0,0.0,44.0,229.0,44.0,0.0,0.0,229.0,0.0
陇南,2024-08-01,0.0,207.0,0.0,0.0,0.0,0.0,43.0,0.0,150.0,24.0,76.0,0.0,17.0,227.0,6.0,0.0,0.0,0.0,0.0,0.0,0.0,0.0,0.0,0.0,30.0,220.0,30.0,0.0,0.0,220.0,0.0
陇南,2024-09-01,0.0,151.0,0.0,0.0,0.0,0.0,43.0,0.0,73.0,21.0,100.0,0.0,4.0,162.0,28.0,0.0,0.0,0.0,0.0,0.0,0.0,0.0,0.0,0.0,49.0,145.0,49.0,0.0,0.0,145.0,0.0
